ROIs,NROIs,n_windows,MSE_mean,MSE_std,MAE_mean,MAE_std
0.0,1,133,0.09798414371611257,0.036973664997962535,0.2514243596206427,0.04610941593155372
1.0,1,133,0.15909243492505193,0.08468385904396887,0.3069052886468547,0.06654566776429903
2.0,1,133,0.2214189733862309,0.07747235093107348,0.4142304220582922,0.08219295050223735
3.0,1,133,0.3236909318207224,0.1452719618577737,0.5069230553054631,0.13133422270393588
4.0,1,133,0.18432953439279412,0.06908302417282229,0.37108657419575264,0.0818454959378927
5.0,1,133,0.18624151861855145,0.0627626212499442,0.36743707325729175,0.07030995070324028
6.0,1,133,0.07308004695064528,0.04257149983285308,0.21515610335819046,0.06633808009357425
7.0,1,133,0.08140379585003306,0.060430017507878776,0.22280912192277214,0.08257828271455771
8.0,1,133,0.13000611647548643,0.0525225152221342,0.29954473709336565,0.06779828307270074
9.0,1,133,0.09694668614542998,0.043244506290011954,0.2433591750749405,0.05333491498471516
10.0,1,133,0.14869581642659138,0.056712260899626235,0.3086488667293464,0.05892082451310042
11.0,1,133,0.13436292236038455,0.040650530226723054,0.3014557842256401,0.047072536877860095
12.0,1,133,0.07024485076520466,0.0347126778448327,0.21047321108105008,0.04949089611721178
13.0,1,133,0.14865454824072147,0.06566409342344685,0.31106399421802267,0.06508258918705219
14.0,1,133,0.08985833216987604,0.06037927880458736,0.23167552378807904,0.07704514644114224
15.0,1,133,0.0947777503815487,0.06766241101300544,0.23795449184984144,0.08683413966303276
16.0,1,133,0.07918202352043685,0.03778958172282882,0.22566622341432166,0.049405329039227563
17.0,1,133,0.13037522155073483,0.05031207457436954,0.2891837666500627,0.06047764359888952
18.0,1,133,0.12939321132412637,0.044246417024131304,0.29992267290752833,0.05514922301032431
19.0,1,133,0.14874168973479773,0.05546665000915425,0.315807775711749,0.06609498027981556
20.0,1,133,0.12071404775353216,0.06436387649777645,0.2822489253090532,0.07811197652280052
21.0,1,133,0.07750968418104945,0.03788534653152691,0.2270144378820786,0.05801236401270839
22.0,1,133,0.0712433455426498,0.039652357430785684,0.21235936849123271,0.06428041878563323
23.0,1,133,0.1078230261398974,0.0584997726606508,0.25951322487070366,0.07677117932967102
24.0,1,133,0.10826783231482384,0.04140909327309526,0.2631661484273756,0.04884636692310133
25.0,1,133,0.1480127955547877,0.06144583473523137,0.3152604802938535,0.07209993564414523
26.0,1,133,0.07551245236229406,0.03600297344640446,0.21853676382964363,0.05677639356077365
27.0,1,133,0.09025338669288789,0.04319898839821533,0.23619725914865955,0.05493358609669519
28.0,1,133,0.16052990919699506,0.04399614417141345,0.3375390369222239,0.05342179318141595
29.0,1,133,0.1076269907644171,0.045431336531115425,0.26227368472114165,0.05223142400513797
30.0,1,133,0.10447534982198761,0.03514229531696752,0.259467418576933,0.04554795528072114
31.0,1,133,0.1587831577350171,0.09131225299053146,0.3050224814415655,0.07910644135838538
32.0,1,133,0.12906344186568647,0.052010097799149516,0.2966285008047753,0.06483636118133115
33.0,1,133,0.0901619648510148,0.03271947432472076,0.23629322882822915,0.044416842480586555
34.0,1,133,0.07266241899835452,0.03418527220621891,0.21660428218264494,0.05163883151363002
35.0,1,133,0.13084709583925508,0.050187852382556554,0.2951068923485741,0.05516722233754118
36.0,1,133,0.15240588842376515,0.059296100685339304,0.323350418886293,0.06671437833046823
37.0,1,133,0.19419585194398167,0.07324173061981733,0.36859615803350065,0.07266472892848404
38.0,1,133,0.10561321670652961,0.04518207878030509,0.26145940755042024,0.05233289931919645
39.0,1,133,0.14111944458669967,0.05697294225599704,0.3080430986445309,0.06711123393436554
40.0,1,133,0.13628244385956803,0.042592204458649745,0.29886211868224577,0.04875872456635953
41.0,1,133,0.11547892494844496,0.04254287767507099,0.27291572875091996,0.05009344442542433
42.0,1,133,0.07080948598451424,0.03753469925848793,0.20925643197790636,0.05606929759646342
43.0,1,133,0.11370765328433946,0.06374650590402312,0.268084262124858,0.0781559821501718
44.0,1,133,0.10440669569725756,0.04879606577271929,0.261669220094965,0.06665327377156866
45.0,1,133,0.11144945457205575,0.04511994042304752,0.26991763412478365,0.06101407983002756
46.0,1,133,0.11872774690805771,0.04170970375297348,0.283813243133907,0.053588110186331354
47.0,1,133,0.1248462852226205,0.04423683487468978,0.2892235398764293,0.052450296658986366
48.0,1,133,0.1107429195275506,0.044468122906519816,0.2723894868222582,0.05696172292307656
49.0,1,133,0.11541434319259997,0.052478595523039545,0.2733020330010188,0.057894208274908036
50.0,1,133,0.07321029716905866,0.039546785509164,0.2201551389945342,0.05946248725319048
51.0,1,133,0.10222785431452165,0.05983192137924959,0.2592178736462278,0.07690234434777743
52.0,1,133,0.12921749561354776,0.05308313113942989,0.2997746982114629,0.06675275449169679
53.0,1,133,0.1314852212824986,0.047971848645496404,0.3024727121313568,0.06104653158393243
54.0,1,133,0.15159472098617915,0.058991871535136825,0.31920830128999195,0.06458977323109069
55.0,1,133,0.1874218101757193,0.07889245918173755,0.35612648081108067,0.09008320907007286
56.0,1,133,0.15690349890332198,0.053577284978547586,0.33588307590349226,0.07062822865944761
57.0,1,133,0.1847643111609461,0.06977805234240658,0.3625615337384395,0.08391456839310402
58.0,1,133,0.078590532777671,0.06010217543836708,0.22509737263783522,0.07851549139098157
59.0,1,133,0.09177426169373369,0.056073962561461056,0.24229423122563565,0.07503786083906544
60.0,1,133,0.15275145991383807,0.056572013454513605,0.32309112463986445,0.059620573466343
61.0,1,133,0.13690079545304634,0.05616231875929577,0.2966548498463345,0.06757472900019411
62.0,1,133,0.08919309591250252,0.045047674553897146,0.23560525716930275,0.06197116102392154
63.0,1,133,0.133777174932225,0.05244542325565156,0.2969446785738574,0.06185028840028522
64.0,1,133,0.12174974933193086,0.039189202404108225,0.28631141940405735,0.046631744170597546
65.0,1,133,0.10786773025322771,0.03929563627825007,0.2698658680039983,0.05350404226507752
66.0,1,133,0.1037678351240321,0.047876826452550536,0.2618392388147897,0.06346478749834664
67.0,1,133,0.13845425532260514,0.06852978889084553,0.2986998108118728,0.08667732532658677
