ROIs,n_windows,MSE_mean,MSE_std,MAE_mean,MAE_std
0.0,133,0.088332597872814,0.03509136963200859,0.23064218184035606,0.04587631334492917
1.0,133,0.15233347610610973,0.07907864857826852,0.29756076547569776,0.06862697781997358
2.0,133,0.18461658433607797,0.07083176194761916,0.3653137242351596,0.07825727373731768
3.0,133,0.28077008681003635,0.12887090347230054,0.45948302465162666,0.12245072063339726
4.0,133,0.15287496550981533,0.060940618659005054,0.32676230196335615,0.07285506675235241
5.0,133,0.16783943912704194,0.0611249976752348,0.337130504881619,0.06715122302352283
6.0,133,0.0581483679964026,0.03618656156869262,0.18424768022255894,0.05833571653089173
7.0,133,0.06696224698996102,0.062312543964082735,0.1948498623011897,0.08296871265122663
8.0,133,0.10782303511116212,0.047918914122356854,0.26254728171125413,0.060542405411029176
9.0,133,0.09329363950362192,0.04653275759218084,0.23230954226677164,0.052907650641245314
10.0,133,0.13590948815290194,0.056421368570767745,0.2901465690316107,0.05604976366356343
11.0,133,0.1187377362147294,0.045714404196617146,0.27456963104639426,0.05418271334788366
12.0,133,0.06401229255997817,0.03803145125243299,0.19306653166787519,0.047176634070000036
13.0,133,0.1390826067724056,0.05836931382757685,0.2959775426890254,0.060229615365821096
14.0,133,0.0776404299819188,0.052904578307098805,0.21049236752369857,0.07142657945598466
15.0,133,0.07775949100555135,0.06010261012330123,0.2106790081924549,0.07841527309564489
16.0,133,0.06858357591212899,0.03925994233340659,0.19859911398103272,0.04379836599053466
17.0,133,0.12653607665231564,0.061066119122129794,0.2747357931323556,0.06625704250701839
18.0,133,0.11025770707275288,0.04533900668579544,0.26787482546430363,0.05586012366706385
19.0,133,0.13620216786095207,0.05159256495787776,0.29430277448011577,0.05702664979575043
20.0,133,0.09242708694042676,0.06520072170199306,0.23603314491719957,0.07999741053674768
21.0,133,0.06181371116405312,0.02869463842135367,0.1949762753303868,0.04760076296298729
22.0,133,0.05282718221111778,0.03395941274617125,0.17547257242359623,0.05556606153874038
23.0,133,0.08469008313641954,0.05886168141846776,0.22304444676691806,0.07927011585309905
24.0,133,0.1011773029980527,0.05096699224295941,0.24736432033323688,0.053009654013784616
25.0,133,0.12969517007669856,0.056477865068182795,0.28667189629642714,0.06132920274588878
26.0,133,0.0673678164214952,0.03834284077096492,0.200423408183712,0.054357814875349054
27.0,133,0.08001198915556251,0.04672462560582095,0.2147549886853709,0.059793383948875324
28.0,133,0.13843450408445176,0.04538571778575885,0.3049915237613923,0.055726913124623016
29.0,133,0.0990322319717178,0.041319223349884554,0.2458494693011298,0.04878195045757788
30.0,133,0.09439607685534425,0.039957186997487314,0.23755099915441874,0.04941814804434055
31.0,133,0.1659573123217411,0.10683037004513533,0.30451065399168653,0.0852874137186598
32.0,133,0.09556219655868725,0.047762479695055524,0.24449914862862704,0.061510715102328764
33.0,133,0.08041432607839834,0.035425335150929216,0.2158458330450712,0.04565472673519727
34.0,133,0.06055912816498032,0.03350271171026297,0.19019603830863394,0.048100741179523496
35.0,133,0.11830230245010256,0.05088006793181032,0.27321358816832353,0.05512603559623867
36.0,133,0.14332743215471508,0.062347420275458754,0.30541167998353974,0.06753008180848731
37.0,133,0.17458985768423688,0.08104968270752975,0.33987355983564693,0.08173264708892489
38.0,133,0.09579609422506241,0.0459191535155186,0.2398577388912096,0.04949842868801642
39.0,133,0.12640740727289718,0.05336110743379246,0.2820031246909419,0.05777981673738604
40.0,133,0.12544182387142366,0.05188446733973247,0.2761139049602875,0.05110823804718081
41.0,133,0.1111461857411765,0.05058562378734455,0.25777883726853207,0.04703964137434129
42.0,133,0.0628128755384827,0.03419952615425583,0.19240334675152948,0.052621698666194476
43.0,133,0.08771389361431023,0.05566246606772695,0.2279658984459024,0.07360614957404861
44.0,133,0.08842499036606868,0.04177565648064524,0.2332289249757952,0.05698939108350577
45.0,133,0.09436495081682188,0.03727509241265708,0.23938336220479178,0.049459658994737504
46.0,133,0.09718365127926124,0.043599229195615145,0.24453465106870972,0.05341260418255755
47.0,133,0.10133709186861212,0.04287369983467302,0.24836507154794504,0.05113292231058408
48.0,133,0.09359603313323296,0.038124931194535354,0.24298383118230077,0.04960634559791868
49.0,133,0.10030321178176285,0.04666105957040428,0.24519426798873917,0.05107788018620499
50.0,133,0.05834852025948455,0.03792405057500902,0.18724210028926028,0.05861215119702747
51.0,133,0.07282829674227057,0.04551540131777631,0.2120577366845609,0.06549480139383013
52.0,133,0.10743405841280032,0.046905809341696934,0.2614566705067922,0.06212936126001217
53.0,133,0.11850445384279538,0.048531096278946105,0.2741172303754179,0.0568480311444754
54.0,133,0.13856939046710234,0.06436571054831346,0.296839066074521,0.06494432082126299
55.0,133,0.17526996350497226,0.07997026912425746,0.3396444007448354,0.08615276702634601
56.0,133,0.13286547143696026,0.04459722783345622,0.2990651980112794,0.058952747414356126
57.0,133,0.1613943065403576,0.058987536527814216,0.32972853965344184,0.06964244886885539
58.0,133,0.06079554852716194,0.045908620785132984,0.19090096545785154,0.06797276573505255
59.0,133,0.06780346699963803,0.04604319827124866,0.2023707119972133,0.06538779238310027
60.0,133,0.13803146569043387,0.06388151928704945,0.29590089574435585,0.06253173085356635
61.0,133,0.14592735814486046,0.07082648785377055,0.2979153186559634,0.07257105178775257
62.0,133,0.0795119531003828,0.044687355042591366,0.21454189490726402,0.058368028620983295
63.0,133,0.11422547801728783,0.05380035953997128,0.26496010020624977,0.06106644881948918
64.0,133,0.10523606521008219,0.04165444068638722,0.256214023713561,0.05079238921344369
65.0,133,0.09858234057604365,0.04798213939053507,0.24718517217777622,0.05847065679594112
66.0,133,0.08763560909898827,0.04323941081715105,0.23115528814060796,0.054719168951550524
67.0,133,0.14810389608635674,0.07233006938257319,0.30222753157907417,0.08570604140964051
