ROIs,n_windows,MSE_mean_EEG,MSE_std_EEG,MAE_mean_EEG,MAE_std_EEG,MSE_mean_MEG,MSE_std_MEG,MAE_mean_MEG,MAE_std_MEG
0.0,126,0.11783710120488676,0.06277343929086993,0.2635912704771905,0.06731860993850063,0.16729697038842892,0.0660837457365385,0.3288180044071132,0.06720186488863093
1.0,126,0.31947512704090913,0.20435926060264545,0.4191887820831288,0.12428854113191858,0.1870486067097018,0.0753760282749392,0.34938051775065104,0.07136324226885837
2.0,126,0.1492589806610561,0.06446205110458604,0.3135622854723398,0.07117585455387054,0.20349688232048865,0.09519573000860194,0.35559613656393746,0.0797919936643856
3.0,126,0.17416216959425965,0.06588409548528702,0.3475248022099267,0.07433739471468317,0.17950782319148206,0.0757185011063693,0.34098048003413445,0.07215249255596497
4.0,126,0.17119058184121322,0.06826282066408451,0.3355213437605484,0.07162693325079178,0.23410538386035734,0.08708499014882368,0.39317601663885826,0.06854604064783608
5.0,126,0.21076545055101462,0.12469824189539164,0.3595902430875158,0.09542688465948046,0.28719983387760434,0.13527996313637602,0.4308518382383632,0.10027307742249443
6.0,126,0.13242053696178352,0.08206179553264079,0.2748546901492351,0.07350834567250389,0.18436945155050208,0.0879457635166058,0.34064722521398505,0.07984763189528929
7.0,126,0.14928468133864445,0.11142429435782972,0.28695868849974127,0.09828495610100275,0.1857547532178139,0.08960099696146699,0.34172812481570114,0.08023279269517765
8.0,126,0.1671974455379982,0.05963061170428996,0.33916793832605696,0.06268364879846333,0.1963241991475049,0.10996652799406738,0.34948311004257926,0.09530512164231272
9.0,126,0.11545963158207644,0.05164724120770646,0.2688673002926116,0.0572380015396298,0.19122222780503223,0.10069519674397298,0.34160704770602035,0.07714053621337925
10.0,126,0.2198654791995741,0.1056022740773254,0.3725616332071562,0.09344242815999844,0.2845762536069942,0.1908827706357308,0.41013023392446596,0.1162514415671415
11.0,126,0.2566578774237057,0.15039743149282428,0.3935431588692875,0.10616476219388993,0.24832837217055925,0.15404587597637764,0.39442432665888294,0.11156530557596823
12.0,126,0.1444657841032095,0.06002108211063208,0.30610217026181696,0.06797347701124762,0.21692296099011374,0.09915932166270473,0.3666513018444783,0.08186925100417083
13.0,126,0.2302796552591774,0.14599396277658244,0.36549240437946456,0.10634931643618198,0.22189091988374968,0.14012122281338374,0.36624219259660085,0.09768999896560028
14.0,126,0.10239962451940196,0.04547937993802292,0.2502830634143323,0.05658598850049147,0.14295775197394564,0.07317252742963497,0.2945726583352589,0.0758828893656266
15.0,126,0.1174048369708031,0.07357818811051173,0.2587422236132771,0.07703536821145883,0.1782107934682183,0.0923458266646756,0.327127941995458,0.07525128965847978
16.0,126,0.12082794321323352,0.052169600311198466,0.27222992264869245,0.05959596873742656,0.17574989290226528,0.09700222826870666,0.32638836400994514,0.08028998087262684
17.0,126,0.16201980799587043,0.0949412133273461,0.303930453904534,0.08344328735893636,0.21984123106371467,0.12285220515523117,0.3673755780881456,0.08558714509326477
18.0,126,0.12123944149248196,0.059008044220509384,0.27626385028203476,0.06333761248863845,0.19364821693104625,0.09878814405287566,0.34330026342660475,0.0756344563431496
19.0,126,0.15215899783704698,0.07495384876528224,0.3021271884055006,0.07051128121502799,0.2242451536139162,0.131984137133727,0.36533134744583523,0.09737908185814417
20.0,126,0.1659446692256291,0.0665567344352306,0.33416992467924816,0.06801343257687947,0.18548162093316048,0.09222976850043307,0.3411251404090606,0.08160369473335927
21.0,126,0.14041482495307978,0.0572738047109935,0.30595292215911035,0.06162260854948286,0.20618769800031214,0.1062835659857028,0.35606003202193914,0.0886021810306319
22.0,126,0.10195834036251523,0.04848483607157491,0.2498485208850295,0.059767323745083506,0.19509301747243138,0.10235076827125834,0.3445174329777139,0.08336642712977953
23.0,126,0.16501901592711285,0.09529264724359215,0.30830469456509685,0.08751524198867863,0.2595729568649951,0.18306825365359705,0.38642049796184214,0.10695080470228341
24.0,126,0.1693133279686915,0.071749622141576,0.34127798725016073,0.07699243071775107,0.19787876240694222,0.10073066862768529,0.3494110814014439,0.0830056482882966
25.0,126,0.19309790100553198,0.09712243465148962,0.3469400202563818,0.08510981376293682,0.17330150870121658,0.07864822777988774,0.330568358742692,0.07244988243739635
26.0,126,0.11753153859262769,0.054148032277481176,0.2665949536104771,0.06465630406203167,0.25098636500600924,0.15885683912917967,0.3923543213770858,0.108937428867766
27.0,126,0.16619472985055372,0.08997824387417215,0.3225423603250752,0.08961383836883094,0.2356752381006164,0.15112781351291688,0.3797929173898968,0.10685281809013579
28.0,126,0.1444596212297771,0.06326721995459814,0.29920002026822984,0.06544474512640445,0.211891341231721,0.11835709287319755,0.36273973677713944,0.09432044818551638
29.0,126,0.18463215230321767,0.086177861311428,0.335843766308163,0.07537457171225886,0.23281175663595974,0.11583067894021075,0.3827158288371758,0.08891186739436621
30.0,126,0.14846584210204727,0.07022045894578718,0.3083670867957492,0.07095854296184015,0.14654269125068928,0.07543973048738209,0.3017834175309261,0.06825638068177416
31.0,126,0.34254425954419265,0.2505707051840585,0.42291921172494656,0.13491249334508754,0.21943937453655818,0.12824137034301053,0.3678382410774754,0.09995234186559679
32.0,126,0.20646219944646177,0.07960508160331037,0.38362155818135196,0.08086385049783809,0.20205275097749525,0.11509182920311616,0.3578656693784265,0.08225381981745099
33.0,126,0.19996648447692195,0.07821623628087407,0.3765320880927873,0.07481035209544111,0.2338505180391109,0.10768487028383421,0.38414061917897935,0.08701426659887661
34.0,126,0.13614121981033303,0.05113578762941452,0.29515699826168595,0.06074943002826769,0.24784799640704136,0.13297534888471294,0.3980168188597007,0.09852530376393934
35.0,126,0.18033671044478988,0.09940416619512564,0.32606019887239523,0.09180676193549807,0.19761219421662263,0.08979574067539134,0.3484479980416684,0.07910050915467219
36.0,126,0.1558291107768663,0.09229513717958718,0.30148205385534893,0.08409853383909716,0.2075445152049883,0.09459447497223394,0.3657870242207091,0.07936201341358888
37.0,126,0.18555217912183275,0.12188660019220439,0.3366027066206439,0.09169427742255183,0.20581592238857538,0.11211994819133402,0.3575836783727428,0.08892372039248922
38.0,126,0.16021769164055277,0.09121714663635681,0.31046805603564415,0.0825002121031982,0.29524644152403673,0.19942789581521947,0.41760662695438555,0.1277414429683902
39.0,126,0.1905729918215282,0.09894253136934718,0.3389834162713734,0.08376960895475778,0.22456326937534513,0.12563736509681195,0.37296859130994964,0.08666938601630075
40.0,126,0.17025028083732607,0.10095546807668203,0.3166889025131856,0.08480502990114658,0.2305915311846753,0.1236093592521789,0.37539533651344437,0.08487949390450011
41.0,126,0.17107379541365367,0.09979740355197338,0.3181281842667175,0.08249553255472367,0.24444908959195172,0.14926364738118278,0.38613128716859824,0.09818413382758188
42.0,126,0.1100840530219674,0.05238410576195899,0.25688342018482946,0.05891065565431399,0.1935421355056328,0.10149025002281013,0.34921371586080874,0.08508118719596827
43.0,126,0.12259174344282045,0.06572292557087091,0.27022061487389604,0.07205368148709698,0.2551890312301622,0.14194361906856737,0.39288791961446634,0.10801967910608601
44.0,126,0.11865095214070692,0.06974028360399333,0.26911902507209984,0.07470368018361044,0.1564123518856533,0.08715785615535589,0.3079994676693044,0.0801133753353976
45.0,126,0.2143179417036448,0.123902856589818,0.3554215299156767,0.09484677638507684,0.21895212705710945,0.10681819784779993,0.37179800144645275,0.08451035498647821
46.0,126,0.24739597362576693,0.09182677284958037,0.42990507075217743,0.09137784278071776,0.20763247665568485,0.1071815427895103,0.37058097406451923,0.08729656159713003
47.0,126,0.14632918213751195,0.08135489021974218,0.2989899117953375,0.06981528731911177,0.2037695619704896,0.07540960400493772,0.37301462763957177,0.06840282114471377
48.0,126,0.13539146110313502,0.07920306024978539,0.2841620538176907,0.07056012123740203,0.18457830707893344,0.1059114046840037,0.3358554252110634,0.08750911354230118
49.0,126,0.18284456282312656,0.09823385620064089,0.3324659703489147,0.08025664233263374,0.2533101588362846,0.13586040280940018,0.40206728313565343,0.0972466947198123
50.0,126,0.11334713368037026,0.04483954545212391,0.27233736604372033,0.05339900376071779,0.17333203615474246,0.08721374152929184,0.33184514039610963,0.08321292500898082
51.0,126,0.12132084862022915,0.04322997972887823,0.2841214710272571,0.05246126044653585,0.16867817094146983,0.09011055260420558,0.3247987659002311,0.08082738146650542
52.0,126,0.13156731215071119,0.06655921773378264,0.2880927050071631,0.06984686453778138,0.21316106860905853,0.11412932030113256,0.3664577988925149,0.08788806387162112
53.0,126,0.15286770122586238,0.06454864388748015,0.3148267512306787,0.06828054026094428,0.19751830949874624,0.12416145310340343,0.35055023277790665,0.09705192943260853
54.0,126,0.14958149830872736,0.0655421053446561,0.30832318582718926,0.0684553411997579,0.2387475367881247,0.13068433135655486,0.387340711875505,0.09754441480842187
55.0,126,0.19059042864653836,0.10312408539725686,0.348428337894642,0.09244887009061147,0.24819511388620963,0.12726352863868554,0.39521611240059623,0.09892999278545653
56.0,126,0.16959052691653093,0.11065255749636176,0.3199163543019108,0.09926855493603214,0.20420726304912062,0.0885824294644565,0.3638729782327665,0.07944779314318566
57.0,126,0.18609164298754846,0.09365078769633564,0.34341155628519426,0.08549309238443907,0.26944243666307716,0.12577104930169955,0.42834529218256195,0.09020378626213651
58.0,126,0.12747664168319975,0.0573229014285983,0.28481558616242514,0.059880869616856444,0.16228760138850096,0.07245737558269827,0.3151816134162253,0.0705927564978893
59.0,126,0.12170613590726191,0.06256115001689168,0.2747957789832546,0.06561463919065691,0.19114800625711276,0.09981614686968542,0.34216489355401825,0.08273204987959748
60.0,126,0.1422175516319615,0.07086210047427063,0.29923772871695037,0.07710676438530331,0.16403341726119006,0.09477792163168398,0.31921705947459816,0.07616602588876821
61.0,126,0.1671652580190725,0.09040728580858874,0.31938982439728186,0.08053285730703208,0.19658830761506935,0.10784600854215824,0.35051819350131774,0.085369822798996
62.0,126,0.15435804486754034,0.08172602496259185,0.3033287325690148,0.08093997060108483,0.16203930924811186,0.08854292547551591,0.31083208311972466,0.07250255743223241
63.0,126,0.23219457945299318,0.1513684801342294,0.35337699175022724,0.10188581857803891,0.2008830072667724,0.09666998904123617,0.3525025918188891,0.08600432101222619
64.0,126,0.14369163838103163,0.07289574517072399,0.30467962393656184,0.075455208787452,0.1977899669716076,0.09550287308016983,0.35513915538851487,0.08517217471953768
65.0,126,0.14545420032926265,0.07216444893052484,0.30056825565570355,0.071705795778981,0.2545203789883712,0.14021149419874485,0.3956510423986877,0.09980887856142825
66.0,126,0.11683213855439306,0.05847352132459883,0.26598955630983484,0.0645907390299182,0.2093593961216882,0.0869230042637723,0.36898313904710506,0.08426994363583908
67.0,126,0.21316994078011192,0.1388587570835242,0.3541226402839291,0.09273015073794275,0.17883786141751595,0.09961785504717689,0.32766855708718223,0.08155775266759413
