ROIs,NROIs,n_windows,Accuracy,Precision,Recall,F1
1.0,1,220,0.5136363636363637,0.5142857142857142,0.4909090909090909,0.5023255813953489
2.0,1,220,0.5227272727272727,0.5247524752475248,0.4818181818181818,0.5023696682464455
3.0,1,220,0.5545454545454546,0.5476190476190477,0.6272727272727273,0.5847457627118644
4.0,1,220,0.6181818181818182,0.6048387096774194,0.6818181818181818,0.6410256410256411
5.0,1,220,0.65,0.6633663366336634,0.6090909090909091,0.6350710900473934
6.0,1,220,0.6272727272727273,0.6206896551724138,0.6545454545454545,0.6371681415929203
7.0,1,220,0.5181818181818182,0.5175438596491229,0.5363636363636364,0.5267857142857143
8.0,1,220,0.5045454545454545,0.5038167938931297,0.6,0.5477178423236515
9.0,1,220,0.55,0.5523809523809524,0.5272727272727272,0.5395348837209303
10.0,1,220,0.5590909090909091,0.5619047619047619,0.5363636363636364,0.5488372093023256
11.0,1,220,0.5545454545454546,0.5483870967741935,0.6181818181818182,0.5811965811965812
12.0,1,220,0.5681818181818182,0.5609756097560976,0.6272727272727273,0.592274678111588
13.0,1,220,0.5727272727272728,0.5666666666666667,0.6181818181818182,0.591304347826087
14.0,1,220,0.5409090909090909,0.5445544554455446,0.5,0.5213270142180095
15.0,1,220,0.6545454545454545,0.6370967741935484,0.7181818181818181,0.6752136752136753
16.0,1,220,0.5681818181818182,0.5824175824175825,0.4818181818181818,0.527363184079602
17.0,1,220,0.5590909090909091,0.5596330275229358,0.5545454545454546,0.5570776255707762
18.0,1,220,0.5636363636363636,0.5564516129032258,0.6272727272727273,0.5897435897435898
19.0,1,220,0.5863636363636363,0.5922330097087378,0.5545454545454546,0.5727699530516432
20.0,1,220,0.5227272727272727,0.5210084033613446,0.5636363636363636,0.5414847161572053
21.0,1,220,0.5136363636363637,0.5107913669064749,0.6454545454545455,0.570281124497992
22.0,1,220,0.5863636363636363,0.5736434108527132,0.6727272727272727,0.6192468619246861
23.0,1,220,0.55,0.5413533834586466,0.6545454545454545,0.5925925925925926
24.0,1,220,0.5636363636363636,0.5614035087719298,0.5818181818181818,0.5714285714285714
25.0,1,220,0.5454545454545454,0.5480769230769231,0.5181818181818182,0.5327102803738317
26.0,1,220,0.509090909090909,0.5092592592592593,0.5,0.5045871559633027
27.0,1,220,0.5227272727272727,0.5196850393700787,0.6,0.5569620253164557
28.0,1,220,0.5363636363636364,0.5377358490566038,0.5181818181818182,0.5277777777777778
29.0,1,220,0.5136363636363637,0.5132743362831859,0.5272727272727272,0.5201793721973094
30.0,1,220,0.5227272727272727,0.5238095238095238,0.5,0.5116279069767442
31.0,1,220,0.4818181818181818,0.4811320754716981,0.4636363636363636,0.4722222222222222
32.0,1,220,0.4863636363636364,0.4864864864864865,0.4909090909090909,0.48868778280542985
33.0,1,220,0.6727272727272727,0.7065217391304348,0.5909090909090909,0.6435643564356436
34.0,1,220,0.7227272727272728,0.7168141592920354,0.7363636363636363,0.726457399103139
35.0,1,220,0.6,0.5948275862068966,0.6272727272727273,0.6106194690265486
36.0,1,220,0.6045454545454545,0.6116504854368932,0.5727272727272728,0.5915492957746479
37.0,1,220,0.5318181818181819,0.528,0.6,0.5617021276595745
38.0,1,220,0.6272727272727273,0.6458333333333334,0.5636363636363636,0.6019417475728155
39.0,1,220,0.5454545454545454,0.5471698113207547,0.5272727272727272,0.5370370370370371
40.0,1,220,0.4863636363636364,0.488,0.5545454545454546,0.5191489361702127
41.0,1,220,0.5772727272727273,0.5752212389380531,0.5909090909090909,0.5829596412556054
42.0,1,220,0.5772727272727273,0.580952380952381,0.5545454545454546,0.5674418604651162
43.0,1,220,0.5318181818181819,0.528,0.6,0.5617021276595745
44.0,1,220,0.4909090909090909,0.49137931034482757,0.5181818181818182,0.504424778761062
45.0,1,220,0.5727272727272728,0.5655737704918032,0.6272727272727273,0.5948275862068966
46.0,1,220,0.6954545454545454,0.6972477064220184,0.6909090909090909,0.6940639269406392
47.0,1,220,0.6136363636363636,0.5968992248062015,0.7,0.6443514644351465
48.0,1,220,0.7227272727272728,0.7289719626168224,0.7090909090909091,0.7188940092165899
49.0,1,220,0.6136363636363636,0.6050420168067226,0.6545454545454545,0.62882096069869
50.0,1,220,0.6454545454545455,0.66,0.6,0.6285714285714286
51.0,1,220,0.5954545454545455,0.5929203539823009,0.6090909090909091,0.600896860986547
52.0,1,220,0.5772727272727273,0.5794392523364486,0.5636363636363636,0.5714285714285714
53.0,1,220,0.5318181818181819,0.5294117647058824,0.5727272727272728,0.5502183406113537
54.0,1,220,0.5636363636363636,0.5648148148148148,0.5545454545454546,0.5596330275229358
55.0,1,220,0.5409090909090909,0.5445544554455446,0.5,0.5213270142180095
56.0,1,220,0.5863636363636363,0.5904761904761905,0.5636363636363636,0.5767441860465117
57.0,1,220,0.5545454545454546,0.5491803278688525,0.6090909090909091,0.5775862068965517
58.0,1,220,0.5818181818181818,0.5661764705882353,0.7,0.6260162601626016
59.0,1,220,0.509090909090909,0.5076923076923077,0.6,0.55
60.0,1,220,0.5727272727272728,0.5634920634920635,0.6454545454545455,0.6016949152542372
61.0,1,220,0.5363636363636364,0.54,0.4909090909090909,0.5142857142857142
62.0,1,220,0.5318181818181819,0.5339805825242718,0.5,0.5164319248826291
63.0,1,220,0.6090909090909091,0.6090909090909091,0.6090909090909091,0.6090909090909091
64.0,1,220,0.5590909090909091,0.5565217391304348,0.5818181818181818,0.5688888888888889
65.0,1,220,0.5727272727272728,0.5677966101694916,0.6090909090909091,0.5877192982456141
66.0,1,220,0.5363636363636364,0.5377358490566038,0.5181818181818182,0.5277777777777778
67.0,1,220,0.5454545454545454,0.5416666666666666,0.5909090909090909,0.5652173913043478
68.0,1,220,0.5,0.5,0.4636363636363636,0.4811320754716981
