classification_accuracy,classification_loss,loss,reconstruction_loss,reconstruction_mae,val_classification_accuracy,val_classification_loss,val_loss,val_reconstruction_loss,val_reconstruction_mae
0.4912703335285187,0.8786901235580444,1.245853304862976,0.9527868628501892,0.7759274244308472,0.4898989796638489,0.6961508989334106,1.2039940357208252,0.9711781740188599,0.786296546459198
0.5454545617103577,0.7744311094284058,1.0757774114608765,0.8175971508026123,0.7190085649490356,0.5151515007019043,0.701221227645874,1.1659412384033203,0.9314857125282288,0.7703660130500793
0.5978326201438904,0.702690064907074,0.9765243530273438,0.7422158718109131,0.6854450702667236,0.4898989796638489,0.7049516439437866,1.1376749277114868,0.9014893174171448,0.758672833442688
0.5611077547073364,0.7257175445556641,0.9387607574462891,0.6968611478805542,0.6638224124908447,0.5,0.7080621719360352,1.1081615686416626,0.8697191476821899,0.7454670667648315
0.591210126876831,0.7025007009506226,0.8983574509620667,0.6641435623168945,0.6474511623382568,0.5,0.7033447027206421,1.0773264169692993,0.83915114402771,0.7334297299385071
0.6231185793876648,0.6732714176177979,0.8672593832015991,0.642809271812439,0.6371439099311829,0.5,0.7153688073158264,1.0617114305496216,0.8191162347793579,0.7251641750335693
0.6183022260665894,0.6834554076194763,0.8545750379562378,0.6267262697219849,0.6289671659469604,0.5101010203361511,0.7095777988433838,1.0295377969741821,0.7878879308700562,0.7115653157234192
0.6345574855804443,0.6697763800621033,0.8355522751808167,0.612312376499176,0.6219460368156433,0.49494948983192444,0.7094419598579407,1.0169956684112549,0.7753416299819946,0.7063849568367004
0.6791089773178101,0.64529949426651,0.8166206479072571,0.60151207447052,0.6158934831619263,0.5252525210380554,0.7020090818405151,0.9917242527008057,0.7509406805038452,0.6958752274513245
0.6779049038887024,0.63467937707901,0.8016948103904724,0.5901566743850708,0.6098724603652954,0.5151515007019043,0.7126195430755615,0.9786763787269592,0.735114336013794,0.6896691918373108
0.6845273971557617,0.6334121227264404,0.7896243333816528,0.5784327983856201,0.6037726998329163,0.5353535413742065,0.7225903868675232,0.9590389132499695,0.7123808264732361,0.6792570352554321
0.6682721376419067,0.6439197063446045,0.7830961346626282,0.5684376358985901,0.5982711315155029,0.5303030014038086,0.7213466167449951,0.9525149464607239,0.706649661064148,0.6770522594451904
0.6959663033485413,0.6275103092193604,0.7667481899261475,0.5575801730155945,0.5921292901039124,0.5505050420761108,0.7144076824188232,0.9461228847503662,0.7026369571685791,0.6744726896286011
0.6893437504768372,0.6252809166908264,0.7572088837623596,0.5487678050994873,0.5872529149055481,0.5404040217399597,0.7168115973472595,0.9208831787109375,0.6756055355072021,0.6616232991218567
0.7104154229164124,0.6185609102249146,0.7458468675613403,0.5396855473518372,0.5820496082305908,0.5101010203361511,0.7370537519454956,0.9162377119064331,0.6668332815170288,0.6584094762802124
0.6779049038887024,0.6309829354286194,0.7394005060195923,0.5290783643722534,0.5765782594680786,0.560606062412262,0.7389225959777832,0.9063087105751038,0.6548572182655334,0.6522687673568726
0.6887417435646057,0.6253451704978943,0.7296946048736572,0.5212446451187134,0.5721198320388794,0.560606062412262,0.7408414483070374,0.8972609043121338,0.6457774639129639,0.6480036377906799
0.7140277028083801,0.6128304600715637,0.7176119685173035,0.5133647322654724,0.5675389766693115,0.5353535413742065,0.736146092414856,0.877041757106781,0.6261162161827087,0.6380341053009033
0.7049970030784607,0.6099876761436462,0.7084945440292358,0.5052050352096558,0.562869131565094,0.5454545617103577,0.7214351892471313,0.8724539279937744,0.6265125274658203,0.6390917897224426
0.715833842754364,0.6150335669517517,0.7032269239425659,0.49825674295425415,0.5590953826904297,0.5252525210380554,0.7445592880249023,0.8818825483322144,0.6301177144050598,0.6394397616386414
0.7254666090011597,0.5994417071342468,0.6889657378196716,0.4891802966594696,0.5537950396537781,0.5656565427780151,0.7307980060577393,0.8508937358856201,0.6025151014328003,0.626380205154419
0.7308850288391113,0.6010701656341553,0.6806852221488953,0.4803096652030945,0.548651397228241,0.5555555820465088,0.7517458200454712,0.8445512652397156,0.5903500318527222,0.6189431548118591
0.732089102268219,0.5933651328086853,0.6675058007240295,0.46976837515830994,0.5419313311576843,0.5353535413742065,0.7332298159599304,0.846640944480896,0.5965230464935303,0.6221930980682373
0.7188440561294556,0.5947437286376953,0.6625010967254639,0.46426817774772644,0.5390691757202148,0.5202020406723022,0.7594122886657715,0.8479846119880676,0.5909618139266968,0.6198650598526001
0.7086092829704285,0.605675995349884,0.6573113203048706,0.45542362332344055,0.5338093042373657,0.5050504803657532,0.7449589967727661,0.8366073966026306,0.5823364853858948,0.61517733335495
0.7423238754272461,0.5814787149429321,0.6438146233558655,0.45001834630966187,0.5304925441741943,0.5707070827484131,0.758334755897522,0.8450875282287598,0.5890612602233887,0.6184173226356506
0.7471402883529663,0.5811172723770142,0.6371208429336548,0.4434526562690735,0.5266315937042236,0.5656565427780151,0.7540188431739807,0.8397917151451111,0.585485577583313,0.6169280409812927
0.7796508073806763,0.5652706623077393,0.6236812472343445,0.4352840781211853,0.521216869354248,0.49494948983192444,0.7553497552871704,0.8398129343986511,0.5845355987548828,0.6158233880996704
0.7615894079208374,0.5672084093093872,0.6184910535812378,0.42943456768989563,0.5184080004692078,0.5555555820465088,0.7571499347686768,0.8392865657806396,0.5841806530952454,0.6149582266807556
0.7664057612419128,0.5717868804931641,0.6126881837844849,0.4220655560493469,0.5134156942367554,0.5202020406723022,0.7756273746490479,0.8448178768157959,0.5818015336990356,0.6140504479408264
0.7555689215660095,0.5753068923950195,0.606529712677002,0.4147568941116333,0.5093581080436707,0.5353535413742065,0.7535869479179382,0.8481332063674927,0.5923071503639221,0.6181033849716187
0.7724262475967407,0.5595558285713196,0.5915989279747009,0.4051179885864258,0.502899706363678,0.5505050420761108,0.7686229944229126,0.855132520198822,0.5966745615005493,0.62175452709198
0.7730283141136169,0.5650328993797302,0.5891577005386353,0.40087562799453735,0.5002298355102539,0.5454545617103577,0.7701129913330078,0.8499528765678406,0.5902873277664185,0.6175402998924255
0.7892835736274719,0.5492450594902039,0.5754726529121399,0.39242586493492126,0.494960218667984,0.5454545617103577,0.8069863319396973,0.8631909489631653,0.5936791300773621,0.6190620064735413
0.8145695328712463,0.539454996585846,0.56467604637146,0.38488656282424927,0.48984819650650024,0.5707070827484131,0.774530827999115,0.8632650375366211,0.601416289806366,0.6233248114585876
