ROIs,NROIs,n_windows,Accuracy,Precision,Recall,F1,MSE_mean,MSE_std,MAE_mean,MAE_std
0.0,1,198,0.48484848484848486,0.48695652173913045,0.5656565656565656,0.5233644859813084,0.18964042608174342,0.07534796646958547,0.3427407411883842,0.06919501804880575
1.0,1,198,0.5656565656565656,0.5474452554744526,0.7575757575757576,0.635593220338983,0.5197016926869342,0.15120278390337677,0.5776954174086394,0.08476778944466161
2.0,1,198,0.5858585858585859,0.5669291338582677,0.7272727272727273,0.6371681415929203,0.20673550054487114,0.07543438522699394,0.359188934471391,0.06317008248506688
3.0,1,198,0.5606060606060606,0.5517241379310345,0.6464646464646465,0.5953488372093023,0.13547406594738978,0.040757242573480394,0.29207301710211964,0.04608729843624961
4.0,1,198,0.5050505050505051,0.5037037037037037,0.6868686868686869,0.5811965811965812,0.22981226457659307,0.10137148629329233,0.3736831113252426,0.07941681996379042
5.0,1,198,0.4696969696969697,0.47692307692307695,0.6262626262626263,0.5414847161572053,0.4221112021798451,0.3013910115578004,0.49411606466957547,0.15335697892743785
6.0,1,198,0.4797979797979798,0.48148148148148145,0.5252525252525253,0.5024154589371981,0.26223089102080444,0.1249939182003922,0.39912677744547964,0.09268912814390473
7.0,1,198,0.51010101010101,0.5086206896551724,0.5959595959595959,0.5488372093023256,0.25584711404252425,0.09936334725867589,0.39581453851363924,0.07633062761164884
8.0,1,198,0.4797979797979798,0.4811320754716981,0.5151515151515151,0.4975609756097561,0.14584640435992227,0.05221309757636429,0.3013313105441066,0.05405875883578813
9.0,1,198,0.4494949494949495,0.45689655172413796,0.5353535353535354,0.4930232558139535,0.1931977630139542,0.07978654692616488,0.34518768868109706,0.0675397644415711
10.0,1,198,0.5,0.5,0.6262626262626263,0.5560538116591929,0.36020020805826763,0.16761952692830084,0.470038424159507,0.11022559497402101
11.0,1,198,0.5404040404040404,0.5303030303030303,0.7070707070707071,0.6060606060606061,0.4133739726850747,0.23046383880763796,0.49969317432285393,0.1327557722421806
12.0,1,198,0.5151515151515151,0.5135135135135135,0.5757575757575758,0.5428571428571428,0.16410818849362913,0.06654883248627266,0.31946648508723874,0.06623202829951771
13.0,1,198,0.51010101010101,0.5087719298245614,0.5858585858585859,0.5446009389671361,0.3588060518306597,0.2809855123317538,0.45545346433301515,0.16018890488959725
14.0,1,198,0.5252525252525253,0.5210084033613446,0.6262626262626263,0.5688073394495413,0.17202929765167746,0.06809150491193246,0.3258839505363474,0.05970144761181383
15.0,1,198,0.5202020202020202,0.515625,0.6666666666666666,0.5814977973568282,0.21678061203411791,0.07780177266762361,0.36674248231313794,0.06585064506757142
16.0,1,198,0.494949494949495,0.4953271028037383,0.5353535353535354,0.5145631067961165,0.1900113144087388,0.0753421413312638,0.3422154057820978,0.06806486704169797
17.0,1,198,0.47474747474747475,0.48,0.6060606060606061,0.5357142857142857,0.3034852607708804,0.2452666658691028,0.41830420326599205,0.148928229846104
18.0,1,198,0.4494949494949495,0.45454545454545453,0.5050505050505051,0.4784688995215311,0.2156695168113558,0.08213971266052693,0.3651364873582837,0.06784972479341476
19.0,1,198,0.5050505050505051,0.504,0.6363636363636364,0.5625,0.23344041182892813,0.08477333373910206,0.38177136766807157,0.06638012765504656
20.0,1,198,0.47474747474747475,0.4774774774774775,0.5353535353535354,0.5047619047619047,0.161739877007791,0.07350011422746168,0.3145382209353635,0.07145123699467862
21.0,1,198,0.4797979797979798,0.48214285714285715,0.5454545454545454,0.5118483412322274,0.14064252454225276,0.05227976210817067,0.29597573723630466,0.055006595350375
22.0,1,198,0.5,0.5,0.5656565656565656,0.5308056872037915,0.2251056634975805,0.09557854016425055,0.37340647077562744,0.07615124409241802
23.0,1,198,0.5050505050505051,0.5040650406504065,0.6262626262626263,0.5585585585585585,0.40402453220333107,0.4557755290978317,0.456771760757841,0.22631533004872012
24.0,1,198,0.4393939393939394,0.4482758620689655,0.5252525252525253,0.48372093023255813,0.20610955452484864,0.09451785057738969,0.3557096255746249,0.07737450619155024
25.0,1,198,0.494949494949495,0.49572649572649574,0.5858585858585859,0.5370370370370371,0.24312637471522347,0.09918082740705332,0.38944293215401216,0.07811716573795359
26.0,1,198,0.51010101010101,0.5084745762711864,0.6060606060606061,0.5529953917050692,0.21208927973513356,0.09637889214181233,0.3608690791587153,0.0815818841171245
27.0,1,198,0.5404040404040404,0.5338983050847458,0.6363636363636364,0.5806451612903226,0.3188150918484228,0.36606744613128706,0.4039869506639354,0.20696602866120622
28.0,1,198,0.5151515151515151,0.5128205128205128,0.6060606060606061,0.5555555555555556,0.31908580585169743,0.17270623161774049,0.43835467727076377,0.12125022771889028
29.0,1,198,0.51010101010101,0.5084745762711864,0.6060606060606061,0.5529953917050692,0.33534198673751386,0.1770192156690354,0.45164815667848973,0.11628416078101131
30.0,1,198,0.4797979797979798,0.48,0.48484848484848486,0.4824120603015075,0.22977460699395746,0.10394002015628143,0.37471626903064315,0.08111878116392618
31.0,1,198,0.494949494949495,0.4959349593495935,0.6161616161616161,0.5495495495495496,0.4505593233395215,0.12888818567771387,0.5365684039194261,0.07884839766238827
32.0,1,198,0.5050505050505051,0.5045871559633027,0.5555555555555556,0.5288461538461539,0.14772922362329813,0.0678973350958579,0.30373630211023545,0.060128073625988016
33.0,1,198,0.45454545454545453,0.46218487394957986,0.5555555555555556,0.5045871559633027,0.15190672928007165,0.07298865652638907,0.30542781651139894,0.06754164249156765
34.0,1,198,0.48484848484848486,0.48623853211009177,0.5353535353535354,0.5096153846153846,0.15878248485020377,0.06340663442454939,0.31448126997660825,0.06358394956371984
35.0,1,198,0.4898989898989899,0.4915254237288136,0.5858585858585859,0.5345622119815668,0.299174810504302,0.1875193742110463,0.4238535010771794,0.12604217696320993
36.0,1,198,0.5151515151515151,0.5130434782608696,0.5959595959595959,0.5514018691588785,0.2862411391054225,0.24513520532683186,0.40947873452591704,0.12215813357200174
37.0,1,198,0.43434343434343436,0.44036697247706424,0.48484848484848486,0.46153846153846156,0.264104225139971,0.14417099407202597,0.39764062451861787,0.10416474511859498
38.0,1,198,0.43434343434343436,0.4444444444444444,0.5252525252525253,0.48148148148148145,0.2812807919802995,0.14851163673382872,0.41284224082046805,0.10241078643551174
39.0,1,198,0.41414141414141414,0.42735042735042733,0.5050505050505051,0.46296296296296297,0.401154769557568,0.2664555396422801,0.48324167860245654,0.15384260121598867
40.0,1,198,0.5,0.5,0.5959595959595959,0.543778801843318,0.26686084181124553,0.10865280383923205,0.40650712163394653,0.0815473333909141
41.0,1,198,0.4393939393939394,0.44545454545454544,0.494949494949495,0.4688995215311005,0.36181553234692904,0.17433050794576846,0.46827962931397815,0.10679588404921861
42.0,1,198,0.45454545454545453,0.45794392523364486,0.494949494949495,0.47572815533980584,0.21855568057192862,0.11052910769991732,0.36342467916303,0.08754565538859621
43.0,1,198,0.45454545454545453,0.45544554455445546,0.46464646464646464,0.46,0.19353908332123806,0.06596586190530278,0.3480053809146297,0.05930096993240695
44.0,1,198,0.4494949494949495,0.4576271186440678,0.5454545454545454,0.4976958525345622,0.1855930213517444,0.07368548589729976,0.33797058420435605,0.0649080134280749
45.0,1,198,0.51010101010101,0.5081967213114754,0.6262626262626263,0.5610859728506787,0.28995572616595205,0.10758191960241467,0.42580659776445245,0.07757220027370179
46.0,1,198,0.5454545454545454,0.5365853658536586,0.6666666666666666,0.5945945945945946,0.10935889302134,0.04011154254923859,0.26115761882718946,0.04902241783097112
47.0,1,198,0.4292929292929293,0.43859649122807015,0.5050505050505051,0.4694835680751174,0.20537899991190978,0.08215624000160512,0.3574818304539662,0.07227237515137562
48.0,1,198,0.4898989898989899,0.4915254237288136,0.5858585858585859,0.5345622119815668,0.21509417220550586,0.0962098890617152,0.3624995813929849,0.0755601231379047
49.0,1,198,0.4595959595959596,0.4649122807017544,0.5353535353535354,0.49765258215962443,0.23234099882975304,0.09405717778312642,0.3809842299170115,0.07469814066517035
50.0,1,198,0.494949494949495,0.49572649572649574,0.5858585858585859,0.5370370370370371,0.1617491865029934,0.07695951309493215,0.31658557771582524,0.06771677730070011
51.0,1,198,0.5,0.5,0.6161616161616161,0.5520361990950227,0.16182855526988071,0.07566951001459074,0.31519432420018634,0.06545581974079444
52.0,1,198,0.5252525252525253,0.5203252032520326,0.6464646464646465,0.5765765765765766,0.24653485163536895,0.10502544526179926,0.3891481365125626,0.08571388447160758
53.0,1,198,0.5050505050505051,0.504424778761062,0.5757575757575758,0.5377358490566038,0.24314704317164085,0.10449587461101237,0.3870137158256067,0.08784110307321598
54.0,1,198,0.4292929292929293,0.4435483870967742,0.5555555555555556,0.49327354260089684,0.2069417240723603,0.07781166960650499,0.3582088054203833,0.06320965381098036
55.0,1,198,0.4494949494949495,0.45901639344262296,0.5656565656565656,0.5067873303167421,0.3321812247844839,0.25054518481402144,0.4368313504564735,0.14695534819533815
56.0,1,198,0.4898989898989899,0.4915254237288136,0.5858585858585859,0.5345622119815668,0.23617494426950456,0.09309433569377745,0.38397864124432474,0.0717806122747286
57.0,1,198,0.4494949494949495,0.45901639344262296,0.5656565656565656,0.5067873303167421,0.2415346511517975,0.08262316710838626,0.38854497823565326,0.06747956179732638
58.0,1,198,0.4797979797979798,0.48333333333333334,0.5858585858585859,0.5296803652968036,0.1811751213478186,0.06538890607582465,0.33711149912430627,0.0594220049476314
59.0,1,198,0.5,0.5,0.5858585858585859,0.5395348837209303,0.17240982254704793,0.06508987202312741,0.32590442588773927,0.05998486709740355
60.0,1,198,0.5252525252525253,0.5193798449612403,0.6767676767676768,0.5877192982456141,0.21018421474885363,0.089235027495153,0.3605874581252168,0.07300146731188663
61.0,1,198,0.4494949494949495,0.45901639344262296,0.5656565656565656,0.5067873303167421,0.2570627999973339,0.08669300772164275,0.40237227213531246,0.06996052146303944
62.0,1,198,0.5303030303030303,0.5245901639344263,0.6464646464646465,0.579185520361991,0.27601616279531793,0.10109598258757135,0.4170289780959252,0.07508005136053929
63.0,1,198,0.5050505050505051,0.5042735042735043,0.5959595959595959,0.5462962962962963,0.3284974887999635,0.10813263434100118,0.45704748157925096,0.07536467525890958
64.0,1,198,0.5202020202020202,0.5161290322580645,0.6464646464646465,0.5739910313901345,0.21660704765984154,0.09800886487885241,0.3636662326452089,0.08388752236678285
65.0,1,198,0.48484848484848486,0.48695652173913045,0.5656565656565656,0.5233644859813084,0.25172044260538556,0.09345069598204085,0.3961357998095048,0.07345789857183677
66.0,1,198,0.5656565656565656,0.5555555555555556,0.6565656565656566,0.6018518518518519,0.21675788617984734,0.09829246047556263,0.3660659428569341,0.0751878967214972
67.0,1,198,0.5202020202020202,0.5158730158730159,0.6565656565656566,0.5777777777777777,0.28550119669034707,0.10488209533385812,0.42282010484106836,0.0755528030616431
