,Subject,ROIs_fold_1,ROIs_fold_2,ROIs_fold_3,ROIs_fold_4,ROIs_fold_5
0,0,"(23, 15, 51, 14, 50, 59, 35, 58, 17, 22, 42, 6, 27, 43, 7, 13, 21, 34, 9, 16, 26, 20, 66, 62, 41, 0, 32, 12, 8, 53, 55, 1, 37, 45, 29, 39, 33, 28, 10, 46, 49, 25, 67, 63, 19, 24, 64, 31, 65, 30, 52, 11, 44, 47, 48, 61, 38, 60, 36, 54, 2, 18, 40, 56, 57, 3, 5, 4)","(23, 14, 22, 15, 50, 42, 58, 6, 17, 51, 35, 7, 59, 43, 27, 34, 9, 21, 26, 16, 13, 20, 62, 66, 0, 32, 12, 8, 53, 41, 29, 55, 1, 45, 37, 33, 46, 25, 10, 65, 28, 52, 39, 24, 63, 31, 49, 64, 11, 19, 44, 61, 30, 48, 47, 67, 36, 38, 2, 54, 18, 60, 56, 3, 40, 57, 5, 4)","(23, 15, 51, 17, 14, 59, 22, 58, 42, 50, 35, 6, 27, 7, 43, 21, 34, 9, 13, 16, 26, 20, 66, 0, 62, 32, 12, 41, 8, 53, 29, 45, 1, 37, 33, 55, 46, 25, 39, 10, 52, 49, 24, 63, 65, 31, 44, 64, 28, 67, 61, 48, 19, 47, 30, 11, 38, 54, 36, 60, 2, 18, 40, 3, 57, 5, 56, 4)","(23, 15, 14, 51, 17, 22, 59, 50, 58, 35, 6, 42, 27, 7, 43, 21, 9, 13, 34, 16, 26, 20, 0, 66, 62, 32, 12, 55, 8, 53, 45, 10, 29, 33, 37, 49, 19, 65, 1, 64, 28, 25, 46, 39, 67, 31, 52, 24, 61, 63, 47, 11, 44, 30, 48, 60, 18, 38, 54, 41, 36, 2, 56, 3, 40, 57, 5, 4)","(23, 15, 14, 22, 17, 35, 42, 50, 6, 58, 51, 27, 59, 21, 43, 13, 7, 16, 34, 9, 26, 20, 0, 66, 62, 32, 12, 8, 41, 1, 33, 45, 29, 37, 53, 46, 28, 55, 10, 49, 25, 39, 65, 31, 24, 63, 52, 44, 47, 67, 64, 48, 11, 30, 19, 61, 54, 38, 60, 2, 36, 18, 5, 57, 3, 40, 56, 4)"
1,1,"(67, 61, 43, 59, 42, 51, 26, 50, 7, 21, 20, 6, 27, 32, 34, 23, 58, 15, 22, 62, 17, 12, 14, 5, 47, 66, 1, 9, 30, 16, 40, 46, 0, 35, 19, 33, 8, 13, 37, 45, 36, 53, 31, 28, 63, 44, 49, 52, 65, 24, 4, 18, 41, 38, 25, 48, 55, 39, 3, 11, 60, 2, 29, 57, 64, 56, 54, 10)","(67, 61, 43, 59, 42, 51, 26, 7, 23, 27, 21, 20, 62, 50, 34, 15, 40, 6, 52, 32, 66, 30, 53, 12, 14, 58, 0, 22, 28, 47, 33, 17, 1, 16, 5, 9, 36, 44, 24, 35, 38, 8, 13, 46, 18, 31, 37, 48, 65, 4, 2, 3, 45, 19, 64, 49, 63, 60, 29, 55, 25, 10, 41, 11, 39, 54, 57, 56)","(67, 61, 43, 59, 51, 50, 7, 42, 20, 6, 21, 26, 23, 5, 32, 58, 47, 34, 27, 22, 62, 1, 33, 40, 17, 15, 46, 66, 12, 9, 14, 16, 45, 53, 30, 36, 31, 4, 3, 19, 44, 2, 0, 65, 49, 25, 41, 13, 8, 48, 18, 35, 11, 52, 38, 24, 39, 28, 54, 37, 64, 60, 63, 29, 55, 57, 56, 10)","(67, 61, 43, 59, 42, 26, 51, 21, 27, 7, 50, 62, 34, 20, 6, 23, 58, 32, 14, 12, 17, 15, 22, 40, 1, 9, 66, 5, 16, 44, 47, 36, 30, 45, 31, 19, 33, 46, 3, 52, 53, 25, 0, 28, 8, 4, 24, 38, 35, 13, 2, 39, 48, 65, 49, 37, 55, 18, 41, 29, 63, 64, 11, 60, 54, 57, 56, 10)","(67, 61, 43, 59, 42, 51, 26, 7, 20, 32, 50, 21, 62, 6, 27, 34, 23, 22, 14, 12, 58, 15, 16, 47, 46, 66, 30, 5, 17, 1, 9, 0, 3, 36, 44, 45, 33, 4, 31, 65, 8, 63, 35, 19, 55, 49, 13, 39, 37, 41, 25, 48, 11, 64, 28, 57, 53, 60, 18, 24, 2, 29, 40, 52, 38, 54, 56, 10)"
2,2,"(42, 14, 43, 26, 23, 27, 22, 6, 21, 48, 15, 20, 32, 34, 50, 58, 35, 7, 33, 51, 59, 47, 17, 16, 62, 44, 4, 49, 45, 11, 10, 36, 1, 54, 40, 65, 67, 64, 8, 0, 5, 28, 38, 61, 60, 56, 31, 66, 52, 30, 24, 53, 46, 29, 19, 37, 18, 39, 63, 3, 2, 12, 13, 9, 57, 25, 55, 41)","(42, 14, 43, 26, 23, 27, 6, 22, 48, 50, 21, 58, 32, 20, 34, 35, 15, 33, 7, 59, 51, 17, 47, 49, 16, 62, 45, 44, 4, 36, 54, 1, 11, 40, 28, 10, 52, 67, 38, 8, 5, 65, 29, 53, 0, 66, 24, 39, 64, 19, 61, 63, 31, 2, 3, 56, 60, 37, 30, 46, 12, 25, 9, 18, 13, 57, 41, 55)","(14, 42, 23, 43, 26, 48, 27, 22, 21, 6, 32, 35, 20, 58, 50, 34, 15, 33, 51, 7, 17, 4, 16, 59, 47, 44, 49, 62, 45, 11, 1, 10, 67, 54, 36, 64, 40, 65, 5, 0, 66, 60, 8, 30, 61, 24, 56, 31, 38, 28, 37, 46, 52, 63, 12, 13, 53, 18, 29, 19, 3, 2, 39, 9, 55, 25, 57, 41)","(42, 23, 43, 14, 26, 27, 22, 6, 21, 20, 32, 48, 58, 35, 50, 34, 33, 15, 51, 47, 17, 7, 59, 16, 49, 62, 45, 4, 44, 67, 5, 1, 11, 36, 0, 10, 54, 40, 28, 66, 38, 52, 8, 53, 46, 65, 64, 29, 24, 18, 60, 31, 63, 61, 37, 30, 12, 19, 56, 2, 39, 9, 3, 13, 25, 41, 57, 55)","(42, 43, 14, 23, 6, 27, 48, 26, 32, 22, 21, 15, 50, 58, 35, 20, 33, 34, 51, 7, 59, 17, 47, 49, 16, 4, 45, 44, 1, 62, 67, 36, 5, 11, 10, 28, 52, 54, 8, 38, 65, 40, 46, 53, 29, 0, 66, 24, 56, 63, 37, 12, 61, 64, 19, 39, 31, 2, 3, 18, 60, 30, 13, 9, 25, 55, 41, 57)"
3,3,"(20, 51, 23, 50, 14, 22, 10, 59, 21, 43, 7, 42, 47, 15, 6, 32, 27, 39, 35, 65, 46, 3, 45, 57, 24, 58, 11, 54, 56, 33, 8, 34, 49, 48, 28, 1, 5, 62, 63, 26, 0, 12, 53, 2, 36, 52, 30, 41, 29, 13, 64, 25, 66, 67, 44, 31, 38, 16, 55, 9, 17, 18, 19, 61, 37, 40, 60, 4)","(20, 51, 10, 21, 59, 47, 23, 50, 7, 22, 35, 43, 65, 15, 42, 27, 45, 8, 39, 6, 46, 1, 57, 11, 14, 32, 26, 49, 2, 33, 3, 24, 12, 34, 63, 56, 48, 58, 5, 54, 62, 13, 29, 52, 0, 30, 55, 53, 25, 28, 44, 66, 9, 41, 64, 17, 31, 16, 38, 18, 61, 19, 67, 36, 4, 40, 37, 60)","(20, 51, 22, 10, 50, 14, 23, 7, 39, 8, 21, 42, 32, 59, 27, 43, 56, 35, 65, 66, 34, 15, 4, 6, 11, 26, 47, 57, 1, 45, 24, 33, 31, 46, 49, 5, 30, 3, 58, 2, 48, 62, 63, 41, 44, 67, 25, 9, 61, 40, 17, 12, 13, 36, 19, 52, 29, 37, 55, 28, 0, 16, 18, 54, 60, 53, 64, 38)","(51, 20, 10, 23, 22, 43, 42, 27, 50, 21, 7, 14, 59, 35, 47, 39, 15, 11, 26, 6, 65, 3, 58, 45, 33, 46, 12, 48, 1, 57, 8, 32, 2, 56, 54, 30, 62, 5, 24, 34, 0, 44, 28, 63, 49, 13, 52, 29, 41, 17, 16, 53, 19, 9, 31, 67, 66, 61, 25, 38, 36, 18, 64, 4, 37, 55, 40, 60)","(51, 20, 22, 10, 50, 21, 7, 14, 42, 23, 15, 47, 43, 59, 35, 27, 65, 11, 6, 3, 45, 26, 46, 39, 34, 32, 49, 5, 58, 8, 57, 2, 1, 28, 33, 56, 48, 62, 63, 0, 25, 12, 30, 53, 55, 54, 29, 52, 13, 67, 24, 16, 66, 44, 31, 36, 17, 18, 61, 41, 9, 19, 38, 64, 37, 40, 4, 60)"
4,4,"(41, 16, 44, 30, 48, 37, 22, 7, 10, 55, 0, 12, 34, 64, 36, 62, 66, 39, 21, 5, 3, 32, 33, 26, 47, 31, 23, 2, 4, 24, 57, 46, 49, 56, 17, 14, 27, 11, 13, 58, 54, 35, 60, 25, 51, 29, 53, 45, 18, 52, 28, 15, 42, 20, 38, 40, 43, 61, 1, 50, 65, 63, 67, 19, 8, 9, 6, 59)","(22, 41, 7, 16, 0, 55, 39, 34, 30, 21, 10, 66, 49, 60, 26, 64, 44, 37, 3, 24, 12, 36, 31, 32, 47, 33, 62, 45, 17, 48, 57, 13, 25, 4, 56, 9, 58, 46, 65, 2, 19, 27, 5, 42, 29, 43, 53, 18, 14, 63, 51, 40, 54, 50, 52, 67, 28, 38, 11, 15, 61, 23, 20, 8, 1, 59, 35, 6)","(7, 22, 16, 30, 44, 17, 62, 64, 12, 0, 34, 14, 48, 21, 41, 31, 55, 47, 57, 26, 66, 33, 32, 10, 3, 58, 4, 36, 13, 60, 9, 46, 53, 11, 5, 56, 27, 39, 29, 2, 24, 49, 54, 25, 52, 18, 50, 51, 37, 45, 28, 42, 40, 38, 67, 61, 8, 43, 65, 63, 35, 1, 19, 20, 15, 6, 23, 59)","(41, 16, 36, 30, 44, 10, 12, 48, 22, 47, 64, 32, 26, 31, 34, 33, 66, 62, 55, 4, 3, 5, 57, 29, 2, 46, 53, 7, 49, 56, 0, 54, 60, 37, 11, 52, 24, 28, 67, 61, 65, 42, 18, 45, 25, 39, 40, 9, 38, 17, 27, 43, 8, 63, 58, 19, 50, 1, 35, 20, 14, 21, 6, 13, 51, 23, 15, 59)","(16, 22, 30, 36, 7, 58, 41, 12, 10, 44, 49, 62, 48, 33, 34, 45, 32, 64, 57, 21, 55, 63, 3, 47, 26, 0, 56, 66, 4, 46, 31, 11, 37, 2, 54, 5, 38, 43, 42, 40, 13, 53, 52, 25, 29, 65, 61, 50, 28, 24, 27, 39, 18, 60, 14, 51, 17, 8, 35, 67, 1, 19, 9, 20, 23, 6, 59, 15)"
5,5,"(33, 32, 45, 5, 6, 56, 55, 11, 7, 53, 28, 10, 39, 2, 27, 43, 61, 65, 19, 31, 44, 54, 3, 23, 13, 26, 35, 48, 34, 49, 1, 57, 64, 22, 30, 12, 42, 60, 41, 24, 21, 50, 59, 63, 18, 29, 8, 38, 66, 51, 20, 36, 9, 46, 4, 37, 47, 67, 14, 15, 58, 0, 16, 17, 62, 52, 25, 40)","(33, 32, 6, 43, 23, 7, 27, 22, 44, 46, 56, 55, 26, 11, 53, 2, 28, 13, 10, 39, 12, 65, 61, 54, 19, 45, 35, 34, 3, 31, 59, 4, 47, 48, 42, 5, 57, 50, 64, 30, 14, 60, 41, 51, 49, 21, 20, 24, 1, 63, 15, 18, 62, 8, 66, 29, 58, 9, 0, 16, 17, 38, 67, 37, 36, 52, 25, 40)","(6, 43, 7, 27, 23, 56, 55, 44, 11, 53, 26, 28, 10, 39, 22, 2, 65, 13, 61, 19, 34, 31, 54, 48, 35, 3, 12, 45, 1, 57, 42, 64, 30, 60, 50, 41, 5, 24, 46, 18, 33, 21, 4, 51, 8, 29, 47, 20, 14, 38, 9, 49, 66, 32, 63, 37, 59, 58, 36, 15, 62, 67, 16, 17, 0, 52, 25, 40)","(33, 32, 56, 55, 11, 53, 28, 10, 31, 39, 61, 43, 65, 2, 19, 7, 1, 6, 54, 23, 27, 13, 3, 44, 35, 34, 26, 48, 45, 12, 22, 57, 64, 30, 60, 24, 41, 50, 29, 4, 59, 18, 46, 5, 8, 47, 21, 49, 42, 20, 36, 38, 63, 9, 14, 66, 58, 15, 51, 37, 40, 17, 16, 62, 67, 0, 52, 25)","(33, 32, 55, 56, 39, 11, 53, 10, 43, 28, 19, 27, 7, 2, 6, 61, 44, 65, 31, 54, 23, 3, 13, 48, 26, 35, 12, 34, 1, 22, 41, 57, 64, 30, 24, 60, 42, 21, 50, 29, 18, 63, 8, 59, 20, 38, 4, 36, 51, 37, 46, 47, 45, 9, 5, 66, 49, 14, 17, 15, 58, 67, 16, 62, 0, 40, 52, 25)"
6,6,"(48, 56, 36, 44, 2, 54, 25, 50, 49, 45, 24, 4, 64, 59, 3, 58, 16, 38, 32, 33, 57, 18, 29, 66, 52, 0, 40, 5, 28, 47, 53, 34, 37, 60, 12, 30, 21, 39, 62, 14, 6, 46, 26, 8, 9, 41, 42, 15, 22, 20, 10, 11, 55, 7, 31, 61, 63, 51, 43, 19, 67, 13, 1, 17, 65, 35, 23, 27)","(48, 44, 56, 49, 45, 36, 2, 24, 38, 4, 54, 50, 25, 40, 18, 16, 58, 0, 5, 64, 66, 37, 57, 33, 29, 52, 59, 34, 47, 62, 3, 39, 28, 53, 32, 30, 14, 12, 22, 60, 46, 21, 42, 41, 6, 26, 8, 11, 55, 15, 7, 9, 20, 63, 10, 51, 43, 65, 19, 35, 17, 27, 31, 1, 13, 23, 67, 61)","(48, 49, 45, 44, 36, 56, 24, 54, 4, 5, 58, 50, 2, 57, 16, 32, 3, 38, 0, 47, 37, 33, 64, 25, 40, 66, 12, 34, 59, 39, 14, 30, 18, 62, 26, 46, 52, 6, 21, 53, 28, 60, 42, 22, 61, 20, 29, 41, 63, 9, 15, 51, 10, 11, 7, 43, 8, 31, 55, 1, 17, 13, 65, 19, 67, 27, 35, 23)","(48, 56, 36, 44, 2, 49, 25, 45, 4, 3, 54, 64, 57, 50, 24, 52, 38, 5, 40, 58, 32, 18, 66, 29, 59, 47, 16, 12, 0, 53, 33, 28, 37, 60, 14, 46, 34, 62, 39, 30, 11, 10, 55, 41, 8, 15, 21, 9, 6, 20, 26, 51, 31, 42, 7, 22, 1, 43, 65, 17, 63, 67, 61, 13, 35, 19, 27, 23)","(48, 56, 36, 49, 2, 45, 24, 44, 25, 54, 50, 59, 58, 32, 3, 64, 5, 4, 57, 38, 37, 16, 33, 28, 0, 18, 29, 52, 53, 47, 12, 66, 22, 34, 14, 30, 21, 62, 39, 42, 6, 26, 60, 46, 15, 41, 9, 40, 8, 7, 20, 51, 10, 31, 55, 43, 11, 67, 17, 61, 1, 63, 35, 13, 27, 19, 23, 65)"
7,7,"(7, 49, 45, 59, 33, 50, 15, 57, 58, 51, 10, 32, 42, 5, 6, 63, 11, 39, 56, 52, 38, 53, 48, 14, 22, 18, 44, 64, 28, 55, 29, 40, 43, 3, 8, 20, 67, 21, 37, 26, 41, 2, 61, 54, 23, 27, 17, 9, 16, 62, 35, 25, 65, 66, 19, 47, 36, 34, 31, 1, 46, 13, 0, 30, 12, 60, 4, 24)","(7, 45, 59, 49, 15, 50, 33, 10, 58, 57, 42, 63, 51, 32, 5, 11, 6, 67, 39, 22, 52, 56, 53, 61, 64, 14, 38, 41, 28, 48, 21, 17, 3, 20, 29, 18, 43, 44, 9, 40, 8, 26, 23, 19, 35, 65, 2, 55, 54, 27, 31, 13, 34, 62, 37, 47, 25, 16, 12, 36, 46, 1, 60, 66, 4, 30, 24, 0)","(59, 49, 45, 50, 7, 15, 33, 57, 51, 5, 58, 10, 52, 6, 63, 42, 53, 32, 11, 39, 28, 67, 56, 14, 48, 29, 38, 64, 61, 3, 44, 21, 20, 17, 40, 18, 22, 2, 54, 65, 8, 9, 35, 41, 25, 26, 19, 23, 37, 47, 55, 43, 31, 36, 13, 62, 60, 24, 34, 66, 1, 27, 4, 46, 16, 12, 0, 30)","(7, 59, 15, 50, 33, 49, 57, 5, 42, 6, 10, 51, 58, 63, 11, 32, 39, 52, 53, 45, 56, 14, 28, 67, 38, 64, 3, 44, 22, 29, 20, 21, 18, 61, 40, 23, 48, 55, 41, 26, 62, 2, 43, 17, 54, 25, 9, 8, 19, 65, 47, 35, 24, 37, 13, 27, 36, 34, 60, 0, 31, 1, 16, 66, 12, 46, 30, 4)","(7, 59, 49, 45, 15, 50, 33, 58, 57, 42, 5, 51, 6, 10, 32, 52, 53, 63, 11, 39, 28, 38, 56, 14, 48, 64, 29, 67, 22, 21, 44, 61, 20, 40, 18, 41, 23, 3, 65, 37, 43, 54, 8, 17, 26, 2, 62, 55, 25, 35, 36, 13, 47, 9, 24, 19, 34, 66, 60, 27, 31, 1, 46, 4, 16, 12, 30, 0)"
8,8,"(23, 14, 26, 15, 33, 22, 6, 34, 51, 50, 59, 62, 27, 35, 49, 41, 52, 0, 42, 7, 43, 17, 20, 44, 21, 28, 47, 2, 57, 13, 12, 45, 58, 48, 67, 19, 54, 29, 4, 55, 40, 1, 18, 16, 63, 9, 53, 32, 46, 66, 65, 5, 56, 61, 31, 24, 30, 36, 3, 11, 10, 8, 38, 37, 25, 60, 39, 64)","(23, 26, 15, 43, 14, 34, 6, 22, 27, 51, 35, 55, 50, 7, 33, 52, 0, 29, 41, 57, 13, 28, 42, 17, 19, 21, 12, 49, 59, 58, 62, 47, 20, 45, 53, 2, 18, 5, 16, 65, 32, 48, 46, 54, 1, 11, 44, 30, 64, 66, 67, 37, 9, 38, 56, 40, 4, 10, 8, 63, 60, 36, 61, 24, 3, 31, 39, 25)","(23, 26, 15, 51, 14, 43, 50, 34, 27, 52, 22, 59, 41, 6, 7, 35, 33, 28, 0, 58, 57, 47, 17, 29, 21, 12, 13, 2, 19, 20, 62, 42, 53, 49, 54, 9, 66, 4, 56, 16, 18, 67, 44, 45, 48, 1, 5, 30, 63, 32, 8, 36, 24, 46, 31, 61, 40, 38, 25, 65, 60, 11, 10, 55, 3, 39, 64, 37)","(23, 26, 15, 62, 44, 51, 43, 50, 6, 22, 34, 27, 14, 2, 35, 33, 32, 41, 0, 52, 47, 48, 59, 57, 58, 19, 28, 21, 29, 49, 12, 7, 42, 17, 13, 9, 55, 45, 53, 20, 18, 3, 66, 16, 56, 46, 1, 63, 24, 67, 4, 40, 8, 5, 54, 65, 30, 36, 38, 61, 60, 64, 10, 11, 31, 25, 39, 37)","(23, 26, 15, 14, 43, 51, 50, 6, 55, 29, 41, 34, 28, 27, 22, 52, 35, 19, 7, 33, 59, 49, 58, 0, 17, 53, 21, 54, 13, 42, 47, 57, 62, 20, 12, 18, 37, 5, 45, 11, 10, 4, 67, 2, 9, 56, 1, 48, 16, 64, 44, 66, 65, 63, 3, 40, 8, 32, 30, 36, 46, 24, 25, 38, 60, 31, 61, 39)"
9,9,"(23, 15, 7, 19, 5, 51, 59, 39, 22, 14, 62, 43, 42, 38, 50, 66, 33, 41, 40, 54, 58, 60, 65, 35, 1, 24, 61, 55, 20, 31, 37, 49, 47, 13, 17, 53, 32, 21, 52, 67, 0, 63, 18, 9, 16, 34, 64, 25, 3, 28, 29, 2, 36, 30, 8, 4, 6, 11, 27, 48, 10, 46, 12, 26, 44, 45, 56, 57)","(23, 15, 59, 51, 22, 43, 42, 19, 7, 39, 65, 55, 50, 61, 31, 60, 14, 35, 38, 5, 66, 53, 58, 62, 41, 37, 52, 54, 24, 67, 20, 28, 6, 17, 33, 40, 29, 18, 30, 25, 47, 63, 11, 1, 21, 32, 10, 49, 27, 13, 26, 34, 9, 0, 64, 48, 8, 16, 36, 3, 2, 4, 46, 12, 56, 44, 45, 57)","(22, 23, 42, 5, 15, 59, 51, 19, 39, 43, 7, 14, 6, 60, 65, 55, 38, 50, 61, 28, 31, 41, 58, 62, 35, 33, 66, 53, 24, 52, 49, 1, 20, 54, 26, 30, 17, 67, 63, 32, 37, 13, 0, 40, 29, 18, 47, 21, 11, 34, 10, 27, 9, 25, 48, 8, 16, 36, 12, 4, 3, 56, 64, 44, 45, 46, 2, 57)","(23, 15, 22, 42, 51, 59, 43, 5, 7, 19, 39, 50, 14, 58, 55, 60, 38, 61, 65, 31, 62, 6, 33, 49, 66, 35, 24, 53, 54, 40, 28, 20, 63, 37, 41, 32, 67, 17, 29, 52, 47, 18, 0, 30, 25, 1, 34, 21, 11, 27, 26, 64, 10, 16, 48, 9, 8, 12, 4, 3, 36, 46, 2, 56, 45, 44, 13, 57)","(42, 23, 22, 15, 59, 5, 51, 7, 43, 65, 50, 61, 55, 31, 37, 60, 49, 6, 53, 35, 58, 33, 14, 25, 66, 54, 62, 29, 24, 20, 19, 40, 67, 18, 38, 47, 30, 17, 21, 41, 11, 63, 26, 32, 52, 10, 34, 0, 3, 13, 39, 27, 1, 8, 9, 48, 16, 12, 46, 36, 4, 64, 56, 45, 2, 44, 28, 57)"
10,10,"(58, 33, 6, 47, 7, 20, 50, 42, 46, 62, 49, 51, 21, 9, 5, 53, 45, 32, 65, 59, 15, 52, 14, 43, 28, 44, 66, 8, 27, 55, 25, 48, 29, 57, 26, 19, 40, 60, 56, 36, 54, 11, 41, 1, 67, 38, 31, 4, 37, 61, 22, 2, 3, 30, 10, 18, 12, 63, 64, 39, 16, 24, 0, 17, 34, 13, 35, 23)","(58, 6, 33, 7, 20, 42, 50, 47, 21, 51, 9, 46, 62, 49, 59, 53, 43, 32, 65, 5, 52, 28, 45, 14, 8, 44, 26, 66, 15, 27, 55, 19, 29, 36, 22, 60, 54, 48, 25, 61, 67, 56, 37, 57, 40, 41, 31, 1, 4, 38, 24, 2, 64, 18, 11, 12, 30, 3, 16, 63, 39, 0, 10, 17, 34, 13, 35, 23)","(58, 33, 6, 42, 47, 7, 20, 50, 9, 46, 21, 62, 49, 65, 51, 43, 53, 5, 52, 32, 45, 14, 19, 28, 15, 26, 59, 55, 44, 66, 11, 8, 29, 48, 57, 25, 54, 41, 56, 61, 60, 67, 1, 22, 27, 31, 36, 40, 38, 24, 18, 4, 30, 37, 3, 10, 64, 2, 12, 63, 39, 16, 0, 34, 17, 13, 23, 35)","(58, 6, 33, 20, 47, 50, 7, 42, 62, 21, 9, 46, 51, 49, 48, 65, 43, 5, 14, 53, 8, 45, 15, 59, 32, 27, 25, 44, 28, 66, 26, 52, 19, 55, 56, 1, 60, 54, 31, 29, 36, 57, 67, 22, 41, 40, 11, 4, 18, 12, 61, 30, 2, 3, 37, 24, 38, 63, 64, 39, 10, 16, 0, 13, 17, 34, 23, 35)","(58, 33, 6, 47, 50, 20, 7, 42, 46, 9, 21, 62, 49, 5, 51, 65, 53, 43, 52, 45, 8, 28, 27, 32, 14, 44, 15, 66, 55, 36, 60, 25, 48, 56, 40, 19, 29, 26, 4, 54, 59, 31, 1, 38, 11, 57, 67, 61, 2, 37, 3, 30, 12, 41, 18, 22, 64, 63, 10, 39, 16, 24, 0, 13, 35, 17, 34, 23)"
11,11,"(47, 50, 4, 46, 23, 42, 21, 6, 33, 22, 24, 54, 18, 45, 19, 44, 49, 38, 25, 1, 43, 0, 40, 59, 32, 7, 62, 5, 15, 9, 16, 2, 36, 51, 27, 3, 28, 53, 48, 58, 57, 63, 66, 67, 12, 20, 14, 52, 26, 30, 34, 60, 13, 61, 64, 35, 8, 17, 31, 65, 37, 56, 41, 55, 29, 11, 10, 39)","(50, 47, 42, 23, 22, 6, 46, 33, 4, 18, 54, 24, 45, 21, 19, 38, 49, 1, 43, 7, 16, 0, 44, 9, 59, 25, 15, 14, 62, 48, 57, 67, 5, 3, 63, 12, 41, 51, 2, 61, 30, 26, 27, 32, 64, 37, 66, 34, 40, 58, 36, 17, 20, 52, 31, 60, 13, 65, 35, 53, 8, 28, 56, 29, 11, 39, 55, 10)","(47, 4, 23, 50, 21, 42, 46, 54, 24, 22, 49, 33, 45, 6, 0, 44, 43, 18, 1, 38, 25, 62, 3, 9, 27, 59, 14, 2, 7, 5, 19, 51, 57, 48, 63, 15, 32, 67, 12, 20, 58, 16, 41, 66, 30, 26, 34, 28, 17, 53, 60, 13, 31, 61, 35, 64, 37, 8, 65, 52, 56, 11, 10, 40, 55, 29, 39, 36)","(47, 50, 46, 33, 42, 21, 22, 18, 23, 6, 54, 24, 4, 16, 45, 43, 49, 40, 38, 0, 44, 1, 32, 9, 5, 14, 62, 15, 48, 59, 7, 27, 25, 58, 2, 57, 3, 19, 51, 12, 63, 26, 60, 30, 17, 66, 67, 52, 34, 13, 20, 41, 61, 53, 64, 56, 31, 65, 8, 35, 37, 28, 11, 10, 55, 29, 39, 36)","(47, 4, 23, 21, 33, 46, 50, 42, 22, 18, 6, 45, 24, 44, 49, 43, 38, 16, 54, 32, 59, 40, 0, 52, 1, 7, 25, 27, 9, 62, 5, 48, 53, 14, 15, 57, 2, 3, 19, 51, 58, 63, 67, 12, 28, 17, 30, 66, 60, 61, 34, 20, 26, 13, 64, 31, 37, 65, 56, 8, 35, 36, 11, 55, 10, 41, 29, 39)"
12,12,"(27, 42, 58, 6, 14, 26, 44, 34, 48, 50, 0, 35, 21, 20, 66, 22, 1, 62, 51, 55, 16, 17, 32, 12, 29, 9, 10, 60, 25, 36, 15, 46, 7, 47, 59, 11, 30, 33, 63, 13, 37, 52, 45, 61, 40, 31, 39, 8, 67, 54, 64, 43, 4, 28, 18, 49, 65, 53, 41, 56, 23, 57, 19, 24, 3, 2, 5, 38)","(27, 42, 14, 58, 6, 26, 44, 50, 21, 48, 34, 20, 66, 0, 35, 22, 62, 1, 51, 60, 32, 9, 12, 16, 17, 47, 55, 46, 59, 33, 15, 36, 25, 63, 7, 11, 30, 29, 10, 13, 67, 8, 18, 37, 65, 45, 31, 52, 64, 40, 49, 19, 3, 54, 4, 2, 61, 28, 53, 39, 57, 56, 41, 23, 43, 24, 5, 38)","(27, 44, 48, 58, 42, 14, 6, 50, 66, 21, 34, 20, 26, 0, 35, 62, 22, 1, 51, 60, 32, 16, 46, 12, 9, 63, 36, 47, 55, 7, 59, 33, 17, 15, 11, 25, 37, 18, 30, 29, 8, 64, 67, 45, 2, 4, 3, 65, 40, 31, 49, 10, 54, 13, 39, 61, 57, 23, 28, 56, 41, 19, 24, 53, 52, 38, 43, 5)","(6, 27, 14, 58, 42, 21, 26, 34, 50, 0, 35, 44, 20, 48, 22, 1, 62, 66, 51, 32, 12, 16, 60, 17, 9, 46, 63, 59, 55, 47, 25, 36, 11, 33, 30, 10, 29, 7, 67, 15, 18, 13, 8, 64, 54, 65, 31, 37, 40, 4, 45, 28, 52, 61, 49, 2, 53, 3, 56, 41, 19, 23, 39, 24, 57, 5, 43, 38)","(42, 27, 26, 14, 58, 6, 34, 21, 0, 20, 50, 48, 44, 35, 66, 62, 22, 1, 51, 32, 16, 12, 46, 60, 9, 25, 63, 30, 17, 55, 59, 47, 11, 7, 36, 10, 33, 29, 15, 64, 8, 54, 13, 18, 31, 3, 65, 37, 2, 4, 43, 19, 40, 67, 57, 28, 56, 52, 24, 53, 61, 41, 45, 23, 49, 39, 5, 38)"
13,13,"(36, 40, 37, 19, 41, 61, 14, 23, 54, 18, 7, 50, 13, 55, 39, 9, 67, 17, 63, 47, 52, 25, 51, 15, 6, 49, 11, 21, 35, 27, 3, 29, 5, 34, 28, 8, 65, 59, 10, 0, 26, 2, 42, 16, 43, 22, 58, 1, 45, 64, 53, 12, 24, 30, 38, 20, 66, 31, 4, 44, 46, 62, 33, 60, 32, 48, 57, 56)","(36, 40, 37, 19, 14, 18, 41, 61, 23, 54, 17, 55, 9, 50, 15, 13, 67, 63, 64, 39, 35, 11, 7, 51, 27, 52, 25, 3, 60, 47, 21, 65, 1, 59, 2, 66, 43, 0, 10, 8, 34, 58, 22, 5, 42, 62, 24, 28, 26, 6, 16, 31, 30, 45, 29, 20, 38, 12, 44, 46, 33, 4, 49, 53, 48, 32, 57, 56)","(37, 36, 41, 19, 40, 14, 50, 18, 61, 55, 9, 7, 51, 15, 52, 47, 13, 21, 17, 67, 25, 59, 39, 11, 63, 28, 8, 3, 34, 22, 54, 27, 0, 64, 53, 35, 58, 42, 10, 16, 43, 1, 26, 2, 65, 29, 30, 6, 49, 5, 23, 12, 45, 33, 46, 24, 20, 62, 57, 44, 66, 48, 60, 31, 38, 4, 56, 32)","(40, 37, 19, 36, 61, 14, 39, 41, 18, 54, 50, 55, 13, 47, 63, 9, 35, 15, 3, 67, 27, 51, 17, 21, 8, 0, 52, 34, 11, 43, 2, 28, 7, 1, 16, 10, 26, 64, 58, 42, 29, 59, 53, 30, 65, 25, 22, 12, 23, 5, 24, 46, 20, 6, 33, 32, 45, 62, 49, 44, 31, 66, 4, 57, 60, 48, 38, 56)","(36, 40, 37, 19, 41, 61, 14, 54, 55, 39, 50, 18, 9, 67, 17, 60, 13, 23, 63, 7, 66, 25, 52, 35, 11, 51, 27, 28, 47, 59, 15, 0, 8, 21, 1, 34, 29, 64, 58, 10, 3, 43, 62, 26, 42, 16, 45, 65, 30, 2, 5, 22, 24, 49, 44, 12, 53, 31, 6, 33, 20, 38, 4, 46, 57, 48, 32, 56)"
14,14,"(48, 49, 44, 4, 32, 45, 46, 63, 5, 36, 40, 16, 19, 65, 2, 47, 33, 62, 20, 9, 66, 43, 37, 51, 61, 67, 50, 64, 30, 60, 23, 59, 18, 3, 25, 56, 8, 54, 31, 24, 15, 21, 58, 38, 29, 28, 34, 52, 11, 12, 53, 17, 57, 39, 35, 41, 0, 7, 1, 10, 6, 13, 14, 42, 55, 26, 22, 27)","(48, 49, 44, 32, 4, 46, 45, 63, 5, 16, 19, 40, 8, 65, 30, 47, 2, 31, 54, 67, 51, 37, 36, 9, 34, 17, 62, 33, 66, 20, 13, 50, 61, 25, 18, 64, 11, 3, 21, 41, 59, 57, 56, 29, 60, 43, 42, 0, 15, 27, 39, 24, 58, 12, 35, 26, 53, 38, 52, 6, 28, 1, 10, 7, 55, 14, 22, 23)","(48, 44, 49, 4, 32, 46, 45, 5, 63, 65, 19, 47, 9, 2, 40, 16, 36, 43, 62, 67, 61, 20, 33, 25, 51, 66, 37, 35, 18, 31, 3, 50, 57, 56, 59, 23, 15, 64, 29, 21, 1, 39, 60, 24, 52, 17, 28, 54, 58, 41, 8, 53, 55, 38, 11, 10, 30, 12, 0, 13, 14, 34, 42, 7, 27, 22, 26, 6)","(48, 49, 44, 32, 46, 4, 45, 63, 5, 40, 19, 16, 37, 65, 11, 2, 47, 36, 62, 9, 51, 21, 33, 8, 66, 20, 43, 55, 30, 50, 10, 54, 56, 3, 25, 57, 18, 15, 60, 29, 23, 34, 67, 61, 17, 41, 64, 31, 13, 52, 24, 58, 53, 59, 1, 0, 28, 27, 38, 12, 39, 14, 26, 35, 6, 42, 7, 22)","(48, 49, 44, 32, 46, 4, 45, 5, 63, 19, 65, 47, 2, 9, 20, 62, 66, 51, 18, 37, 43, 33, 61, 25, 21, 16, 50, 60, 3, 23, 29, 56, 64, 31, 15, 57, 35, 12, 67, 34, 59, 40, 30, 36, 52, 17, 11, 8, 58, 28, 1, 53, 54, 39, 10, 0, 41, 55, 24, 38, 26, 13, 14, 42, 27, 22, 6, 7)"
15,15,"(53, 37, 29, 11, 54, 10, 55, 65, 36, 39, 61, 57, 34, 67, 41, 52, 48, 60, 45, 19, 44, 9, 33, 18, 31, 35, 62, 56, 46, 32, 4, 49, 17, 47, 51, 22, 66, 0, 23, 50, 30, 64, 63, 8, 16, 59, 15, 24, 14, 21, 40, 13, 2, 12, 1, 7, 20, 42, 5, 38, 27, 6, 3, 26, 58, 25, 43, 28)","(29, 37, 53, 11, 54, 10, 65, 39, 36, 55, 61, 41, 34, 52, 67, 45, 35, 4, 49, 60, 62, 48, 31, 66, 57, 33, 32, 0, 19, 46, 63, 24, 44, 7, 51, 9, 22, 47, 18, 27, 56, 23, 59, 17, 30, 21, 64, 50, 3, 16, 2, 12, 1, 13, 38, 20, 8, 15, 6, 26, 5, 14, 58, 40, 42, 43, 28, 25)","(29, 37, 53, 55, 11, 54, 39, 65, 10, 61, 41, 57, 67, 34, 36, 52, 19, 35, 60, 44, 56, 4, 17, 49, 48, 9, 62, 31, 32, 46, 45, 24, 66, 33, 0, 23, 30, 64, 51, 27, 63, 7, 47, 18, 16, 15, 22, 21, 59, 8, 50, 5, 13, 1, 12, 26, 2, 6, 38, 14, 40, 58, 3, 20, 42, 43, 25, 28)","(37, 29, 11, 53, 55, 54, 10, 65, 39, 61, 57, 41, 36, 67, 52, 34, 19, 49, 17, 35, 33, 32, 44, 45, 46, 9, 31, 62, 56, 60, 48, 16, 47, 4, 7, 51, 66, 0, 22, 24, 63, 5, 23, 27, 30, 2, 21, 18, 59, 64, 50, 3, 12, 15, 14, 40, 20, 13, 26, 1, 58, 43, 8, 42, 38, 25, 6, 28)","(37, 29, 11, 55, 53, 54, 39, 10, 65, 61, 36, 41, 4, 34, 67, 57, 9, 19, 45, 52, 35, 44, 46, 48, 33, 31, 32, 62, 18, 47, 51, 56, 24, 63, 49, 50, 60, 66, 17, 23, 0, 16, 22, 27, 38, 59, 7, 12, 21, 15, 30, 26, 8, 64, 3, 20, 2, 1, 6, 14, 43, 40, 5, 13, 58, 42, 28, 25)"
16,16,"(29, 53, 28, 52, 54, 10, 64, 9, 40, 18, 24, 19, 3, 66, 65, 36, 16, 56, 38, 49, 57, 35, 34, 23, 11, 20, 60, 15, 39, 43, 44, 25, 8, 1, 30, 2, 61, 45, 42, 55, 22, 62, 17, 6, 21, 26, 0, 31, 47, 48, 46, 14, 37, 13, 50, 4, 67, 12, 5, 7, 27, 32, 51, 41, 63, 33, 58, 59)","(29, 53, 28, 52, 54, 10, 19, 67, 9, 24, 40, 64, 61, 39, 3, 36, 18, 56, 65, 66, 38, 23, 49, 34, 30, 17, 35, 55, 25, 2, 31, 11, 22, 43, 42, 16, 6, 60, 8, 44, 37, 45, 57, 1, 15, 20, 14, 0, 4, 13, 48, 41, 50, 21, 62, 26, 5, 46, 12, 47, 27, 51, 63, 32, 7, 33, 59, 58)","(29, 53, 28, 52, 54, 10, 40, 9, 64, 18, 24, 66, 19, 65, 3, 56, 39, 30, 36, 34, 35, 38, 23, 0, 60, 8, 11, 16, 55, 61, 20, 17, 2, 57, 22, 43, 37, 31, 42, 6, 49, 44, 15, 62, 1, 25, 13, 45, 14, 48, 67, 50, 12, 27, 26, 46, 47, 5, 41, 4, 21, 32, 51, 7, 63, 33, 59, 58)","(29, 28, 52, 53, 9, 40, 64, 54, 19, 10, 18, 65, 38, 11, 50, 66, 24, 36, 43, 49, 61, 60, 8, 23, 44, 39, 16, 45, 55, 56, 30, 3, 20, 46, 42, 35, 34, 15, 0, 51, 57, 27, 6, 21, 48, 22, 17, 32, 26, 31, 25, 62, 4, 47, 14, 1, 37, 67, 13, 2, 5, 33, 12, 63, 41, 7, 58, 59)","(53, 29, 28, 52, 54, 10, 40, 64, 24, 9, 41, 18, 55, 39, 19, 3, 38, 66, 65, 36, 60, 49, 56, 8, 35, 61, 2, 16, 34, 23, 11, 44, 1, 43, 25, 57, 20, 6, 22, 45, 31, 42, 30, 17, 0, 37, 15, 26, 46, 13, 21, 14, 62, 48, 50, 47, 4, 67, 12, 5, 32, 27, 51, 33, 7, 63, 58, 59)"
17,17,"(38, 56, 40, 57, 53, 28, 29, 52, 54, 10, 11, 39, 26, 24, 36, 22, 6, 48, 23, 41, 55, 18, 7, 65, 15, 14, 8, 19, 51, 64, 59, 58, 20, 1, 42, 50, 33, 17, 16, 34, 63, 0, 12, 27, 35, 5, 45, 32, 60, 9, 21, 46, 43, 30, 49, 4, 13, 61, 31, 3, 47, 44, 67, 62, 37, 25, 66, 2)","(38, 56, 40, 53, 28, 29, 11, 57, 52, 10, 54, 39, 24, 36, 48, 22, 41, 26, 55, 14, 65, 8, 23, 7, 19, 58, 18, 6, 1, 64, 15, 0, 45, 30, 5, 33, 16, 50, 20, 17, 9, 59, 34, 60, 21, 63, 32, 12, 31, 51, 37, 49, 3, 61, 4, 67, 27, 42, 46, 44, 35, 62, 13, 47, 25, 43, 66, 2)","(38, 56, 40, 57, 53, 28, 29, 10, 11, 52, 54, 39, 22, 23, 64, 24, 6, 15, 26, 36, 18, 58, 14, 7, 8, 41, 55, 48, 20, 65, 21, 19, 33, 30, 34, 51, 59, 49, 17, 60, 47, 1, 0, 45, 35, 16, 50, 12, 63, 27, 5, 13, 32, 4, 46, 42, 9, 43, 31, 37, 61, 62, 3, 67, 66, 44, 25, 2)","(38, 56, 40, 57, 53, 28, 29, 10, 52, 11, 54, 39, 24, 64, 36, 8, 18, 41, 59, 48, 6, 55, 60, 65, 23, 22, 58, 26, 19, 45, 15, 7, 20, 14, 49, 50, 34, 33, 51, 21, 0, 63, 30, 32, 1, 46, 12, 16, 66, 35, 5, 17, 27, 9, 47, 43, 4, 61, 13, 31, 3, 42, 44, 37, 67, 62, 25, 2)","(38, 56, 40, 53, 28, 10, 29, 11, 57, 52, 54, 39, 24, 36, 8, 64, 41, 18, 55, 65, 23, 6, 19, 15, 48, 22, 7, 59, 14, 26, 20, 58, 60, 1, 17, 45, 21, 51, 34, 16, 35, 30, 50, 49, 5, 33, 9, 63, 43, 12, 0, 46, 27, 32, 13, 61, 3, 42, 4, 47, 44, 25, 31, 67, 37, 62, 66, 2)"
18,18,"(17, 31, 35, 9, 38, 18, 15, 1, 10, 23, 60, 27, 64, 19, 61, 59, 28, 13, 40, 39, 29, 52, 21, 53, 65, 66, 25, 48, 51, 41, 20, 37, 34, 55, 47, 33, 36, 54, 45, 62, 2, 49, 56, 24, 5, 4, 67, 8, 30, 32, 63, 3, 12, 44, 46, 43, 0, 22, 26, 16, 57, 42, 11, 7, 50, 6, 58, 14)","(17, 31, 35, 15, 51, 9, 38, 33, 60, 59, 61, 1, 23, 18, 64, 13, 65, 32, 39, 20, 27, 19, 10, 45, 66, 28, 47, 52, 21, 34, 24, 29, 54, 46, 25, 40, 48, 53, 41, 2, 49, 57, 3, 36, 37, 56, 62, 55, 63, 4, 8, 16, 67, 5, 44, 12, 11, 30, 0, 22, 26, 42, 43, 6, 50, 7, 58, 14)","(15, 38, 18, 27, 59, 35, 10, 51, 31, 1, 39, 60, 64, 13, 61, 17, 48, 40, 20, 65, 47, 66, 34, 33, 21, 19, 45, 28, 9, 49, 29, 41, 4, 5, 52, 25, 37, 24, 32, 23, 53, 8, 44, 36, 56, 2, 55, 62, 57, 26, 3, 46, 30, 12, 67, 63, 54, 0, 22, 11, 16, 43, 42, 6, 50, 7, 58, 14)","(17, 31, 35, 9, 15, 18, 38, 1, 23, 51, 13, 59, 33, 27, 21, 61, 10, 47, 19, 60, 64, 40, 28, 39, 65, 52, 20, 48, 29, 25, 53, 45, 34, 32, 66, 4, 2, 5, 36, 37, 56, 41, 49, 57, 24, 54, 62, 3, 67, 63, 55, 30, 46, 44, 0, 22, 8, 26, 12, 43, 42, 16, 11, 6, 7, 50, 58, 14)","(17, 31, 35, 14, 9, 10, 50, 38, 15, 18, 23, 6, 51, 36, 48, 40, 59, 58, 54, 13, 1, 28, 66, 60, 25, 61, 27, 64, 21, 39, 29, 47, 52, 24, 65, 41, 44, 56, 20, 37, 34, 55, 19, 53, 33, 45, 67, 62, 57, 46, 12, 49, 2, 32, 30, 4, 3, 8, 0, 5, 11, 26, 22, 16, 63, 42, 43, 7)"
19,19,"(63, 45, 51, 20, 42, 6, 22, 50, 21, 43, 58, 7, 47, 59, 44, 33, 17, 15, 49, 35, 39, 46, 66, 19, 26, 48, 55, 28, 37, 13, 40, 41, 32, 5, 12, 67, 62, 61, 27, 9, 18, 23, 24, 54, 64, 38, 2, 25, 60, 3, 34, 11, 8, 57, 30, 52, 4, 36, 31, 0, 16, 65, 53, 1, 10, 29, 56, 14)","(59, 44, 14, 58, 51, 32, 63, 45, 42, 20, 7, 6, 49, 21, 43, 22, 40, 37, 39, 19, 47, 33, 50, 41, 66, 46, 28, 54, 17, 27, 55, 26, 23, 24, 48, 35, 15, 5, 12, 36, 18, 60, 13, 25, 38, 34, 67, 11, 9, 62, 61, 64, 56, 8, 3, 52, 1, 4, 57, 0, 2, 31, 30, 10, 16, 65, 53, 29)","(59, 44, 14, 58, 32, 51, 63, 45, 42, 20, 6, 7, 22, 43, 21, 47, 15, 50, 17, 33, 46, 49, 35, 26, 48, 39, 66, 67, 13, 23, 5, 61, 55, 62, 60, 18, 38, 12, 40, 9, 64, 54, 34, 2, 3, 4, 27, 24, 57, 19, 8, 11, 37, 31, 28, 16, 52, 56, 30, 0, 1, 53, 25, 41, 36, 65, 29, 10)","(14, 59, 44, 58, 51, 32, 42, 63, 20, 45, 7, 22, 43, 6, 21, 39, 50, 26, 47, 28, 19, 11, 24, 54, 66, 33, 55, 37, 40, 27, 41, 23, 49, 17, 12, 38, 25, 35, 0, 46, 48, 9, 62, 15, 64, 10, 60, 52, 13, 18, 16, 5, 67, 61, 3, 34, 8, 56, 65, 2, 4, 31, 57, 30, 36, 29, 1, 53)","(59, 44, 14, 58, 32, 51, 45, 42, 63, 7, 20, 6, 22, 33, 50, 21, 43, 66, 47, 49, 15, 19, 17, 46, 37, 39, 26, 12, 35, 27, 48, 13, 5, 67, 18, 64, 23, 61, 41, 60, 62, 4, 34, 38, 9, 30, 56, 55, 40, 24, 8, 3, 2, 36, 54, 57, 1, 31, 16, 11, 28, 0, 65, 10, 25, 52, 53, 29)"
